relative_path,char,roman_label,frames,is_cropped,signer,type
sequences\NSL_Consonant_Multi\S14_NSL_Consonant_RealWorld\S14_NSL_Consonant\KA_31_61.npz,क,KA,31,False,S14,sign
sequences\NSL_Consonant_Multi\S14_NSL_Consonant_RealWorld\S14_NSL_Consonant\trans_KA_to_KHA.npz,ख,trans_KA_to_KHA,8,False,S14,transition
sequences\NSL_Consonant_Multi\S14_NSL_Consonant_RealWorld\S14_NSL_Consonant\KHA_70_100.npz,ख,KHA,31,False,S14,sign
sequences\NSL_Consonant_Multi\S14_NSL_Consonant_RealWorld\S14_NSL_Consonant\trans_KHA_to_GA.npz,ग,trans_KHA_to_GA,20,False,S14,transition
sequences\NSL_Consonant_Multi\S14_NSL_Consonant_RealWorld\S14_NSL_Consonant\GA_121_138.npz,ग,GA,18,False,S14,sign
sequences\NSL_Consonant_Multi\S14_NSL_Consonant_RealWorld\S14_NSL_Consonant\trans_GA_to_GHA.npz,घ,trans_GA_to_GHA,7,False,S14,transition
sequences\NSL_Consonant_Multi\S14_NSL_Consonant_RealWorld\S14_NSL_Consonant\GHA_146_180.npz,घ,GHA,35,False,S14,sign
sequences\NSL_Consonant_Multi\S14_NSL_Consonant_RealWorld\S14_NSL_Consonant\trans_GHA_to_NGA.npz,ङ,trans_GHA_to_NGA,8,False,S14,transition
sequences\NSL_Consonant_Multi\S14_NSL_Consonant_RealWorld\S14_NSL_Consonant\NGA_189_220.npz,ङ,NGA,32,False,S14,sign
sequences\NSL_Consonant_Multi\S14_NSL_Consonant_RealWorld\S14_NSL_Consonant\trans_NGA_to_CHA.npz,च,trans_NGA_to_CHA,10,False,S14,transition
sequences\NSL_Consonant_Multi\S14_NSL_Consonant_RealWorld\S14_NSL_Consonant\CHA_231_256.npz,च,CHA,26,False,S14,sign
sequences\NSL_Consonant_Multi\S14_NSL_Consonant_RealWorld\S14_NSL_Consonant\trans_CHA_to_CHHA.npz,छ,trans_CHA_to_CHHA,17,False,S14,transition
sequences\NSL_Consonant_Multi\S14_NSL_Consonant_RealWorld\S14_NSL_Consonant\CHHA_274_296.npz,छ,CHHA,23,False,S14,sign
sequences\NSL_Consonant_Multi\S14_NSL_Consonant_RealWorld\S14_NSL_Consonant\trans_CHHA_to_JA.npz,ज,trans_CHHA_to_JA,9,False,S14,transition
sequences\NSL_Consonant_Multi\S14_NSL_Consonant_RealWorld\S14_NSL_Consonant\JA_306_342.npz,ज,JA,37,False,S14,sign
sequences\NSL_Consonant_Multi\S14_NSL_Consonant_RealWorld\S14_NSL_Consonant\trans_JA_to_JHA.npz,झ,trans_JA_to_JHA,10,False,S14,transition
sequences\NSL_Consonant_Multi\S14_NSL_Consonant_RealWorld\S14_NSL_Consonant\JHA_353_374.npz,झ,JHA,22,False,S14,sign
sequences\NSL_Consonant_Multi\S14_NSL_Consonant_RealWorld\S14_NSL_Consonant\trans_JHA_to_YAN.npz,ञ,trans_JHA_to_YAN,6,False,S14,transition
sequences\NSL_Consonant_Multi\S14_NSL_Consonant_RealWorld\S14_NSL_Consonant\YAN_381_411.npz,ञ,YAN,31,False,S14,sign
sequences\NSL_Consonant_Multi\S14_NSL_Consonant_RealWorld\S14_NSL_Consonant\trans_YAN_to_TA.npz,ट,trans_YAN_to_TA,6,False,S14,transition
sequences\NSL_Consonant_Multi\S14_NSL_Consonant_RealWorld\S14_NSL_Consonant\TA_418_455.npz,ट,TA,38,False,S14,sign
sequences\NSL_Consonant_Multi\S14_NSL_Consonant_RealWorld\S14_NSL_Consonant\trans_TA_to_THA.npz,ठ,trans_TA_to_THA,16,False,S14,transition
sequences\NSL_Consonant_Multi\S14_NSL_Consonant_RealWorld\S14_NSL_Consonant\THA_472_495.npz,ठ,THA,24,False,S14,sign
sequences\NSL_Consonant_Multi\S14_NSL_Consonant_RealWorld\S14_NSL_Consonant\trans_THA_to_DA.npz,ड,trans_THA_to_DA,7,False,S14,transition
sequences\NSL_Consonant_Multi\S14_NSL_Consonant_RealWorld\S14_NSL_Consonant\DA_503_528.npz,ड,DA,26,False,S14,sign
sequences\NSL_Consonant_Multi\S14_NSL_Consonant_RealWorld\S14_NSL_Consonant\trans_DA_to_DHA.npz,ढ,trans_DA_to_DHA,8,False,S14,transition
sequences\NSL_Consonant_Multi\S14_NSL_Consonant_RealWorld\S14_NSL_Consonant\DHA_537_562.npz,ढ,DHA,26,False,S14,sign
sequences\NSL_Consonant_Multi\S14_NSL_Consonant_RealWorld\S14_NSL_Consonant\trans_DHA_to_NA.npz,ण,trans_DHA_to_NA,9,False,S14,transition
sequences\NSL_Consonant_Multi\S14_NSL_Consonant_RealWorld\S14_NSL_Consonant\NA_572_599.npz,ण,NA,28,False,S14,sign
sequences\NSL_Consonant_Multi\S14_NSL_Consonant_RealWorld\S14_NSL_Consonant\trans_NA_to_TAA.npz,त,trans_NA_to_TAA,10,False,S14,transition
sequences\NSL_Consonant_Multi\S14_NSL_Consonant_RealWorld\S14_NSL_Consonant\TAA_610_641.npz,त,TAA,32,False,S14,sign
sequences\NSL_Consonant_Multi\S14_NSL_Consonant_RealWorld\S14_NSL_Consonant\trans_TAA_to_THAA.npz,थ,trans_TAA_to_THAA,17,False,S14,transition
sequences\NSL_Consonant_Multi\S14_NSL_Consonant_RealWorld\S14_NSL_Consonant\THAA_659_681.npz,थ,THAA,23,False,S14,sign
sequences\NSL_Consonant_Multi\S14_NSL_Consonant_RealWorld\S14_NSL_Consonant\trans_THAA_to_DAA.npz,द,trans_THAA_to_DAA,4,False,S14,transition
sequences\NSL_Consonant_Multi\S14_NSL_Consonant_RealWorld\S14_NSL_Consonant\DAA_686_714.npz,द,DAA,29,False,S14,sign
sequences\NSL_Consonant_Multi\S14_NSL_Consonant_RealWorld\S14_NSL_Consonant\trans_DAA_to_DHAA.npz,ध,trans_DAA_to_DHAA,9,False,S14,transition
sequences\NSL_Consonant_Multi\S14_NSL_Consonant_RealWorld\S14_NSL_Consonant\DHAA_724_752.npz,ध,DHAA,29,False,S14,sign
sequences\NSL_Consonant_Multi\S14_NSL_Consonant_RealWorld\S14_NSL_Consonant\trans_DHAA_to_NAA.npz,न,trans_DHAA_to_NAA,9,False,S14,transition
sequences\NSL_Consonant_Multi\S14_NSL_Consonant_RealWorld\S14_NSL_Consonant\NAA_762_785.npz,न,NAA,24,False,S14,sign
sequences\NSL_Consonant_Multi\S14_NSL_Consonant_RealWorld\S14_NSL_Consonant\trans_NAA_to_PA.npz,प,trans_NAA_to_PA,8,False,S14,transition
sequences\NSL_Consonant_Multi\S14_NSL_Consonant_RealWorld\S14_NSL_Consonant\PA_794_828.npz,प,PA,35,False,S14,sign
sequences\NSL_Consonant_Multi\S14_NSL_Consonant_RealWorld\S14_NSL_Consonant\trans_PA_to_PHA.npz,फ,trans_PA_to_PHA,9,False,S14,transition
sequences\NSL_Consonant_Multi\S14_NSL_Consonant_RealWorld\S14_NSL_Consonant\PHA_838_870.npz,फ,PHA,33,False,S14,sign
sequences\NSL_Consonant_Multi\S14_NSL_Consonant_RealWorld\S14_NSL_Consonant\trans_PHA_to_BA.npz,ब,trans_PHA_to_BA,12,False,S14,transition
sequences\NSL_Consonant_Multi\S14_NSL_Consonant_RealWorld\S14_NSL_Consonant\BA_883_913.npz,ब,BA,31,False,S14,sign
sequences\NSL_Consonant_Multi\S14_NSL_Consonant_RealWorld\S14_NSL_Consonant\trans_BA_to_BHA.npz,भ,trans_BA_to_BHA,24,False,S14,transition
sequences\NSL_Consonant_Multi\S14_NSL_Consonant_RealWorld\S14_NSL_Consonant\BHA_938_950.npz,भ,BHA,13,False,S14,sign
sequences\NSL_Consonant_Multi\S14_NSL_Consonant_RealWorld\S14_NSL_Consonant\trans_BHA_to_MA.npz,म,trans_BHA_to_MA,9,False,S14,transition
sequences\NSL_Consonant_Multi\S14_NSL_Consonant_RealWorld\S14_NSL_Consonant\MA_960_990.npz,म,MA,31,False,S14,sign
sequences\NSL_Consonant_Multi\S14_NSL_Consonant_RealWorld\S14_NSL_Consonant\trans_MA_to_YA.npz,य,trans_MA_to_YA,3,False,S14,transition
sequences\NSL_Consonant_Multi\S14_NSL_Consonant_RealWorld\S14_NSL_Consonant\YA_994_1019.npz,य,YA,26,False,S14,sign
sequences\NSL_Consonant_Multi\S14_NSL_Consonant_RealWorld\S14_NSL_Consonant\trans_YA_to_RA.npz,र,trans_YA_to_RA,13,False,S14,transition
sequences\NSL_Consonant_Multi\S14_NSL_Consonant_RealWorld\S14_NSL_Consonant\RA_1033_1062.npz,र,RA,30,False,S14,sign
sequences\NSL_Consonant_Multi\S14_NSL_Consonant_RealWorld\S14_NSL_Consonant\trans_RA_to_LA.npz,ल,trans_RA_to_LA,8,False,S14,transition
sequences\NSL_Consonant_Multi\S14_NSL_Consonant_RealWorld\S14_NSL_Consonant\LA_1071_1097.npz,ल,LA,27,False,S14,sign
sequences\NSL_Consonant_Multi\S14_NSL_Consonant_RealWorld\S14_NSL_Consonant\trans_LA_to_WA.npz,व,trans_LA_to_WA,10,False,S14,transition
sequences\NSL_Consonant_Multi\S14_NSL_Consonant_RealWorld\S14_NSL_Consonant\WA_1108_1135.npz,व,WA,28,False,S14,sign
sequences\NSL_Consonant_Multi\S14_NSL_Consonant_RealWorld\S14_NSL_Consonant\trans_WA_to_T_SHA.npz,श,trans_WA_to_T_SHA,12,False,S14,transition
sequences\NSL_Consonant_Multi\S14_NSL_Consonant_RealWorld\S14_NSL_Consonant\T_SHA_1148_1202.npz,श,T_SHA,55,False,S14,sign
sequences\NSL_Consonant_Multi\S14_NSL_Consonant_RealWorld\S14_NSL_Consonant\trans_T_SHA_to_M_SHA.npz,ष,trans_T_SHA_to_M_SHA,20,False,S14,transition
sequences\NSL_Consonant_Multi\S14_NSL_Consonant_RealWorld\S14_NSL_Consonant\M_SHA_1223_1238.npz,ष,M_SHA,16,False,S14,sign
sequences\NSL_Consonant_Multi\S14_NSL_Consonant_RealWorld\S14_NSL_Consonant\trans_M_SHA_to_D_SHA.npz,स,trans_M_SHA_to_D_SHA,11,False,S14,transition
sequences\NSL_Consonant_Multi\S14_NSL_Consonant_RealWorld\S14_NSL_Consonant\D_SHA_1250_1272.npz,स,D_SHA,23,False,S14,sign
sequences\NSL_Consonant_Multi\S14_NSL_Consonant_RealWorld\S14_NSL_Consonant\trans_D_SHA_to_HA.npz,ह,trans_D_SHA_to_HA,7,False,S14,transition
sequences\NSL_Consonant_Multi\S14_NSL_Consonant_RealWorld\S14_NSL_Consonant\HA_1280_1310.npz,ह,HA,31,False,S14,sign
sequences\NSL_Consonant_Multi\S14_NSL_Consonant_RealWorld\S14_NSL_Consonant\trans_HA_to_KSHA.npz,क्ष,trans_HA_to_KSHA,14,False,S14,transition
sequences\NSL_Consonant_Multi\S14_NSL_Consonant_RealWorld\S14_NSL_Consonant\KSHA_1325_1355.npz,क्ष,KSHA,31,False,S14,sign
sequences\NSL_Consonant_Multi\S14_NSL_Consonant_RealWorld\S14_NSL_Consonant\trans_KSHA_to_TRA.npz,त्र,trans_KSHA_to_TRA,4,False,S14,transition
sequences\NSL_Consonant_Multi\S14_NSL_Consonant_RealWorld\S14_NSL_Consonant\TRA_1360_1384.npz,त्र,TRA,25,False,S14,sign
sequences\NSL_Consonant_Multi\S14_NSL_Consonant_RealWorld\S14_NSL_Consonant\trans_TRA_to_GYA.npz,ज्ञ,trans_TRA_to_GYA,10,False,S14,transition
sequences\NSL_Consonant_Multi\S14_NSL_Consonant_RealWorld\S14_NSL_Consonant\GYA_1395_1426.npz,ज्ञ,GYA,32,False,S14,sign
sequences\NSL_Consonant_Multi\S3_NSL_Consonant_Prepared\S3_all_consonant_Phone_Camera\KA_15_121.npz,क,KA,107,True,S3,sign
sequences\NSL_Consonant_Multi\S3_NSL_Consonant_Prepared\S3_all_consonant_Phone_Camera\trans_KA_to_KHA.npz,ख,trans_KA_to_KHA,12,True,S3,transition
sequences\NSL_Consonant_Multi\S3_NSL_Consonant_Prepared\S3_all_consonant_Phone_Camera\KHA_134_235.npz,ख,KHA,102,True,S3,sign
sequences\NSL_Consonant_Multi\S3_NSL_Consonant_Prepared\S3_all_consonant_Phone_Camera\trans_KHA_to_GA.npz,ग,trans_KHA_to_GA,21,True,S3,transition
sequences\NSL_Consonant_Multi\S3_NSL_Consonant_Prepared\S3_all_consonant_Phone_Camera\GA_257_336.npz,ग,GA,80,True,S3,sign
sequences\NSL_Consonant_Multi\S3_NSL_Consonant_Prepared\S3_all_consonant_Phone_Camera\trans_GA_to_GHA.npz,घ,trans_GA_to_GHA,30,True,S3,transition
sequences\NSL_Consonant_Multi\S3_NSL_Consonant_Prepared\S3_all_consonant_Phone_Camera\GHA_367_460.npz,घ,GHA,94,True,S3,sign
sequences\NSL_Consonant_Multi\S3_NSL_Consonant_Prepared\S3_all_consonant_Phone_Camera\trans_GHA_to_NGA.npz,ङ,trans_GHA_to_NGA,34,True,S3,transition
sequences\NSL_Consonant_Multi\S3_NSL_Consonant_Prepared\S3_all_consonant_Phone_Camera\NGA_495_593.npz,ङ,NGA,99,True,S3,sign
sequences\NSL_Consonant_Multi\S3_NSL_Consonant_Prepared\S3_all_consonant_Phone_Camera\trans_NGA_to_CHA.npz,च,trans_NGA_to_CHA,25,True,S3,transition
sequences\NSL_Consonant_Multi\S3_NSL_Consonant_Prepared\S3_all_consonant_Phone_Camera\CHA_619_705.npz,च,CHA,87,True,S3,sign
sequences\NSL_Consonant_Multi\S3_NSL_Consonant_Prepared\S3_all_consonant_Phone_Camera\trans_CHA_to_CHHA.npz,छ,trans_CHA_to_CHHA,35,True,S3,transition
sequences\NSL_Consonant_Multi\S3_NSL_Consonant_Prepared\S3_all_consonant_Phone_Camera\CHHA_741_835.npz,छ,CHHA,95,True,S3,sign
sequences\NSL_Consonant_Multi\S3_NSL_Consonant_Prepared\S3_all_consonant_Phone_Camera\trans_CHHA_to_JA.npz,ज,trans_CHHA_to_JA,29,True,S3,transition
sequences\NSL_Consonant_Multi\S3_NSL_Consonant_Prepared\S3_all_consonant_Phone_Camera\JA_865_942.npz,ज,JA,78,True,S3,sign
sequences\NSL_Consonant_Multi\S3_NSL_Consonant_Prepared\S3_all_consonant_Phone_Camera\trans_JA_to_JHA.npz,झ,trans_JA_to_JHA,46,True,S3,transition
sequences\NSL_Consonant_Multi\S3_NSL_Consonant_Prepared\S3_all_consonant_Phone_Camera\JHA_989_1064.npz,झ,JHA,76,True,S3,sign
sequences\NSL_Consonant_Multi\S3_NSL_Consonant_Prepared\S3_all_consonant_Phone_Camera\trans_JHA_to_YAN.npz,ञ,trans_JHA_to_YAN,15,True,S3,transition
sequences\NSL_Consonant_Multi\S3_NSL_Consonant_Prepared\S3_all_consonant_Phone_Camera\YAN_1080_1177.npz,ञ,YAN,98,True,S3,sign
sequences\NSL_Consonant_Multi\S3_NSL_Consonant_Prepared\S3_all_consonant_Phone_Camera\trans_YAN_to_TA.npz,ट,trans_YAN_to_TA,26,True,S3,transition
sequences\NSL_Consonant_Multi\S3_NSL_Consonant_Prepared\S3_all_consonant_Phone_Camera\TA_1204_1277.npz,ट,TA,74,True,S3,sign
sequences\NSL_Consonant_Multi\S3_NSL_Consonant_Prepared\S3_all_consonant_Phone_Camera\trans_TA_to_THA.npz,ठ,trans_TA_to_THA,33,True,S3,transition
sequences\NSL_Consonant_Multi\S3_NSL_Consonant_Prepared\S3_all_consonant_Phone_Camera\THA_1311_1374.npz,ठ,THA,64,True,S3,sign
sequences\NSL_Consonant_Multi\S3_NSL_Consonant_Prepared\S3_all_consonant_Phone_Camera\trans_THA_to_DA.npz,ड,trans_THA_to_DA,37,True,S3,transition
sequences\NSL_Consonant_Multi\S3_NSL_Consonant_Prepared\S3_all_consonant_Phone_Camera\DA_1412_1495.npz,ड,DA,84,True,S3,sign
sequences\NSL_Consonant_Multi\S3_NSL_Consonant_Prepared\S3_all_consonant_Phone_Camera\trans_DA_to_DHA.npz,ढ,trans_DA_to_DHA,38,True,S3,transition
sequences\NSL_Consonant_Multi\S3_NSL_Consonant_Prepared\S3_all_consonant_Phone_Camera\DHA_1534_1594.npz,ढ,DHA,61,True,S3,sign
sequences\NSL_Consonant_Multi\S3_NSL_Consonant_Prepared\S3_all_consonant_Phone_Camera\trans_DHA_to_NA.npz,ण,trans_DHA_to_NA,22,True,S3,transition
sequences\NSL_Consonant_Multi\S3_NSL_Consonant_Prepared\S3_all_consonant_Phone_Camera\NA_1617_1701.npz,ण,NA,85,True,S3,sign
sequences\NSL_Consonant_Multi\S3_NSL_Consonant_Prepared\S3_all_consonant_Phone_Camera\trans_NA_to_TAA.npz,त,trans_NA_to_TAA,36,True,S3,transition
sequences\NSL_Consonant_Multi\S3_NSL_Consonant_Prepared\S3_all_consonant_Phone_Camera\TAA_1738_1803.npz,त,TAA,66,True,S3,sign
sequences\NSL_Consonant_Multi\S3_NSL_Consonant_Prepared\S3_all_consonant_Phone_Camera\trans_TAA_to_THAA.npz,थ,trans_TAA_to_THAA,30,True,S3,transition
sequences\NSL_Consonant_Multi\S3_NSL_Consonant_Prepared\S3_all_consonant_Phone_Camera\THAA_1834_1911.npz,थ,THAA,78,True,S3,sign
sequences\NSL_Consonant_Multi\S3_NSL_Consonant_Prepared\S3_all_consonant_Phone_Camera\trans_THAA_to_DAA.npz,द,trans_THAA_to_DAA,36,True,S3,transition
sequences\NSL_Consonant_Multi\S3_NSL_Consonant_Prepared\S3_all_consonant_Phone_Camera\DAA_1948_2009.npz,द,DAA,62,True,S3,sign
sequences\NSL_Consonant_Multi\S3_NSL_Consonant_Prepared\S3_all_consonant_Phone_Camera\trans_DAA_to_DHAA.npz,ध,trans_DAA_to_DHAA,25,True,S3,transition
sequences\NSL_Consonant_Multi\S3_NSL_Consonant_Prepared\S3_all_consonant_Phone_Camera\DHAA_2035_2117.npz,ध,DHAA,83,True,S3,sign
sequences\NSL_Consonant_Multi\S3_NSL_Consonant_Prepared\S3_all_consonant_Phone_Camera\trans_DHAA_to_NAA.npz,न,trans_DHAA_to_NAA,27,True,S3,transition
sequences\NSL_Consonant_Multi\S3_NSL_Consonant_Prepared\S3_all_consonant_Phone_Camera\NAA_2145_2222.npz,न,NAA,78,True,S3,sign
sequences\NSL_Consonant_Multi\S3_NSL_Consonant_Prepared\S3_all_consonant_Phone_Camera\trans_NAA_to_PA.npz,प,trans_NAA_to_PA,30,True,S3,transition
sequences\NSL_Consonant_Multi\S3_NSL_Consonant_Prepared\S3_all_consonant_Phone_Camera\PA_2253_2335.npz,प,PA,83,True,S3,sign
sequences\NSL_Consonant_Multi\S3_NSL_Consonant_Prepared\S3_all_consonant_Phone_Camera\trans_PA_to_PHA.npz,फ,trans_PA_to_PHA,42,True,S3,transition
sequences\NSL_Consonant_Multi\S3_NSL_Consonant_Prepared\S3_all_consonant_Phone_Camera\PHA_2378_2452.npz,फ,PHA,75,True,S3,sign
sequences\NSL_Consonant_Multi\S3_NSL_Consonant_Prepared\S3_all_consonant_Phone_Camera\trans_PHA_to_BA.npz,ब,trans_PHA_to_BA,54,True,S3,transition
sequences\NSL_Consonant_Multi\S3_NSL_Consonant_Prepared\S3_all_consonant_Phone_Camera\BA_2507_2577.npz,ब,BA,71,True,S3,sign
sequences\NSL_Consonant_Multi\S3_NSL_Consonant_Prepared\S3_all_consonant_Phone_Camera\trans_BA_to_BHA.npz,भ,trans_BA_to_BHA,30,True,S3,transition
sequences\NSL_Consonant_Multi\S3_NSL_Consonant_Prepared\S3_all_consonant_Phone_Camera\BHA_2608_2670.npz,भ,BHA,63,True,S3,sign
sequences\NSL_Consonant_Multi\S3_NSL_Consonant_Prepared\S3_all_consonant_Phone_Camera\trans_BHA_to_MA.npz,म,trans_BHA_to_MA,28,True,S3,transition
sequences\NSL_Consonant_Multi\S3_NSL_Consonant_Prepared\S3_all_consonant_Phone_Camera\MA_2699_2775.npz,म,MA,77,True,S3,sign
sequences\NSL_Consonant_Multi\S3_NSL_Consonant_Prepared\S3_all_consonant_Phone_Camera\trans_MA_to_YA.npz,य,trans_MA_to_YA,20,True,S3,transition
sequences\NSL_Consonant_Multi\S3_NSL_Consonant_Prepared\S3_all_consonant_Phone_Camera\YA_2796_2871.npz,य,YA,76,True,S3,sign
sequences\NSL_Consonant_Multi\S3_NSL_Consonant_Prepared\S3_all_consonant_Phone_Camera\trans_YA_to_RA.npz,र,trans_YA_to_RA,35,True,S3,transition
sequences\NSL_Consonant_Multi\S3_NSL_Consonant_Prepared\S3_all_consonant_Phone_Camera\RA_2907_2984.npz,र,RA,78,True,S3,sign
sequences\NSL_Consonant_Multi\S3_NSL_Consonant_Prepared\S3_all_consonant_Phone_Camera\trans_RA_to_LA.npz,ल,trans_RA_to_LA,25,True,S3,transition
sequences\NSL_Consonant_Multi\S3_NSL_Consonant_Prepared\S3_all_consonant_Phone_Camera\LA_3010_3102.npz,ल,LA,93,True,S3,sign
sequences\NSL_Consonant_Multi\S3_NSL_Consonant_Prepared\S3_all_consonant_Phone_Camera\trans_LA_to_WA.npz,व,trans_LA_to_WA,40,True,S3,transition
sequences\NSL_Consonant_Multi\S3_NSL_Consonant_Prepared\S3_all_consonant_Phone_Camera\WA_3143_3213.npz,व,WA,71,True,S3,sign
sequences\NSL_Consonant_Multi\S3_NSL_Consonant_Prepared\S3_all_consonant_Phone_Camera\trans_WA_to_T_SHA.npz,श,trans_WA_to_T_SHA,23,True,S3,transition
sequences\NSL_Consonant_Multi\S3_NSL_Consonant_Prepared\S3_all_consonant_Phone_Camera\T_SHA_3237_3308.npz,श,T_SHA,72,True,S3,sign
sequences\NSL_Consonant_Multi\S3_NSL_Consonant_Prepared\S3_all_consonant_Phone_Camera\trans_T_SHA_to_M_SHA.npz,ष,trans_T_SHA_to_M_SHA,32,True,S3,transition
sequences\NSL_Consonant_Multi\S3_NSL_Consonant_Prepared\S3_all_consonant_Phone_Camera\M_SHA_3341_3466.npz,ष,M_SHA,126,True,S3,sign
sequences\NSL_Consonant_Multi\S3_NSL_Consonant_Prepared\S3_all_consonant_Phone_Camera\trans_M_SHA_to_D_SHA.npz,स,trans_M_SHA_to_D_SHA,31,True,S3,transition
sequences\NSL_Consonant_Multi\S3_NSL_Consonant_Prepared\S3_all_consonant_Phone_Camera\D_SHA_3498_3593.npz,स,D_SHA,96,True,S3,sign
sequences\NSL_Consonant_Multi\S3_NSL_Consonant_Prepared\S3_all_consonant_Phone_Camera\trans_D_SHA_to_HA.npz,ह,trans_D_SHA_to_HA,29,True,S3,transition
sequences\NSL_Consonant_Multi\S3_NSL_Consonant_Prepared\S3_all_consonant_Phone_Camera\HA_3623_3729.npz,ह,HA,107,True,S3,sign
sequences\NSL_Consonant_Multi\S3_NSL_Consonant_Prepared\S3_all_consonant_Phone_Camera\trans_HA_to_KSHA.npz,क्ष,trans_HA_to_KSHA,53,True,S3,transition
sequences\NSL_Consonant_Multi\S3_NSL_Consonant_Prepared\S3_all_consonant_Phone_Camera\KSHA_3783_3830.npz,क्ष,KSHA,48,True,S3,sign
sequences\NSL_Consonant_Multi\S3_NSL_Consonant_Prepared\S3_all_consonant_Phone_Camera\trans_KSHA_to_TRA.npz,त्र,trans_KSHA_to_TRA,30,True,S3,transition
sequences\NSL_Consonant_Multi\S3_NSL_Consonant_Prepared\S3_all_consonant_Phone_Camera\TRA_3861_3921.npz,त्र,TRA,61,True,S3,sign
sequences\NSL_Consonant_Multi\S3_NSL_Consonant_Prepared\S3_all_consonant_Phone_Camera\trans_TRA_to_GYA.npz,ज्ञ,trans_TRA_to_GYA,35,True,S3,transition
sequences\NSL_Consonant_Multi\S3_NSL_Consonant_Prepared\S3_all_consonant_Phone_Camera\GYA_3957_4025.npz,ज्ञ,GYA,69,True,S3,sign
sequences\NSL_Consonant_Multi\S3_NSL_Consonant_Prepared\S3_Consonant_Camera\KA_123_215.npz,क,KA,93,True,S3,sign
sequences\NSL_Consonant_Multi\S3_NSL_Consonant_Prepared\S3_Consonant_Camera\trans_KA_to_KHA.npz,ख,trans_KA_to_KHA,23,True,S3,transition
sequences\NSL_Consonant_Multi\S3_NSL_Consonant_Prepared\S3_Consonant_Camera\KHA_239_313.npz,ख,KHA,75,True,S3,sign
sequences\NSL_Consonant_Multi\S3_NSL_Consonant_Prepared\S3_Consonant_Camera\trans_KHA_to_GA.npz,ग,trans_KHA_to_GA,27,True,S3,transition
sequences\NSL_Consonant_Multi\S3_NSL_Consonant_Prepared\S3_Consonant_Camera\GA_341_393.npz,ग,GA,53,True,S3,sign
sequences\NSL_Consonant_Multi\S3_NSL_Consonant_Prepared\S3_Consonant_Camera\trans_GA_to_GHA.npz,घ,trans_GA_to_GHA,40,True,S3,transition
sequences\NSL_Consonant_Multi\S3_NSL_Consonant_Prepared\S3_Consonant_Camera\GHA_434_473.npz,घ,GHA,40,True,S3,sign
sequences\NSL_Consonant_Multi\S3_NSL_Consonant_Prepared\S3_Consonant_Camera\trans_GHA_to_NGA.npz,ङ,trans_GHA_to_NGA,73,True,S3,transition
sequences\NSL_Consonant_Multi\S3_NSL_Consonant_Prepared\S3_Consonant_Camera\NGA_547_603.npz,ङ,NGA,57,True,S3,sign
sequences\NSL_Consonant_Multi\S3_NSL_Consonant_Prepared\S3_Consonant_Camera\trans_NGA_to_CHA.npz,च,trans_NGA_to_CHA,37,True,S3,transition
sequences\NSL_Consonant_Multi\S3_NSL_Consonant_Prepared\S3_Consonant_Camera\CHA_641_706.npz,च,CHA,66,True,S3,sign
sequences\NSL_Consonant_Multi\S3_NSL_Consonant_Prepared\S3_Consonant_Camera\trans_CHA_to_CHHA.npz,छ,trans_CHA_to_CHHA,23,True,S3,transition
sequences\NSL_Consonant_Multi\S3_NSL_Consonant_Prepared\S3_Consonant_Camera\CHHA_730_814.npz,छ,CHHA,85,True,S3,sign
sequences\NSL_Consonant_Multi\S3_NSL_Consonant_Prepared\S3_Consonant_Camera\trans_CHHA_to_JA.npz,ज,trans_CHHA_to_JA,23,True,S3,transition
sequences\NSL_Consonant_Multi\S3_NSL_Consonant_Prepared\S3_Consonant_Camera\JA_838_897.npz,ज,JA,60,True,S3,sign
sequences\NSL_Consonant_Multi\S3_NSL_Consonant_Prepared\S3_Consonant_Camera\trans_JA_to_JHA.npz,झ,trans_JA_to_JHA,29,True,S3,transition
sequences\NSL_Consonant_Multi\S3_NSL_Consonant_Prepared\S3_Consonant_Camera\JHA_927_1004.npz,झ,JHA,78,True,S3,sign
sequences\NSL_Consonant_Multi\S3_NSL_Consonant_Prepared\S3_Consonant_Camera\trans_JHA_to_YAN.npz,ञ,trans_JHA_to_YAN,19,True,S3,transition
sequences\NSL_Consonant_Multi\S3_NSL_Consonant_Prepared\S3_Consonant_Camera\YAN_1024_1097.npz,ञ,YAN,74,True,S3,sign
sequences\NSL_Consonant_Multi\S3_NSL_Consonant_Prepared\S3_Consonant_Camera\trans_YAN_to_TA.npz,ट,trans_YAN_to_TA,23,True,S3,transition
sequences\NSL_Consonant_Multi\S3_NSL_Consonant_Prepared\S3_Consonant_Camera\TA_1121_1180.npz,ट,TA,60,True,S3,sign
sequences\NSL_Consonant_Multi\S3_NSL_Consonant_Prepared\S3_Consonant_Camera\trans_TA_to_THA.npz,ठ,trans_TA_to_THA,46,True,S3,transition
sequences\NSL_Consonant_Multi\S3_NSL_Consonant_Prepared\S3_Consonant_Camera\THA_1227_1263.npz,ठ,THA,37,True,S3,sign
sequences\NSL_Consonant_Multi\S3_NSL_Consonant_Prepared\S3_Consonant_Camera\trans_THA_to_DA.npz,ड,trans_THA_to_DA,22,True,S3,transition
sequences\NSL_Consonant_Multi\S3_NSL_Consonant_Prepared\S3_Consonant_Camera\DA_1286_1366.npz,ड,DA,81,True,S3,sign
sequences\NSL_Consonant_Multi\S3_NSL_Consonant_Prepared\S3_Consonant_Camera\trans_DA_to_DHA.npz,ढ,trans_DA_to_DHA,31,True,S3,transition
sequences\NSL_Consonant_Multi\S3_NSL_Consonant_Prepared\S3_Consonant_Camera\DHA_1398_1446.npz,ढ,DHA,49,True,S3,sign
sequences\NSL_Consonant_Multi\S3_NSL_Consonant_Prepared\S3_Consonant_Camera\trans_DHA_to_NA.npz,ण,trans_DHA_to_NA,22,True,S3,transition
sequences\NSL_Consonant_Multi\S3_NSL_Consonant_Prepared\S3_Consonant_Camera\NA_1469_1536.npz,ण,NA,68,True,S3,sign
sequences\NSL_Consonant_Multi\S3_NSL_Consonant_Prepared\S3_Consonant_Camera\trans_NA_to_TAA.npz,त,trans_NA_to_TAA,31,True,S3,transition
sequences\NSL_Consonant_Multi\S3_NSL_Consonant_Prepared\S3_Consonant_Camera\TAA_1568_1620.npz,त,TAA,53,True,S3,sign
sequences\NSL_Consonant_Multi\S3_NSL_Consonant_Prepared\S3_Consonant_Camera\trans_TAA_to_THAA.npz,थ,trans_TAA_to_THAA,27,True,S3,transition
sequences\NSL_Consonant_Multi\S3_NSL_Consonant_Prepared\S3_Consonant_Camera\THAA_1648_1708.npz,थ,THAA,61,True,S3,sign
sequences\NSL_Consonant_Multi\S3_NSL_Consonant_Prepared\S3_Consonant_Camera\trans_THAA_to_DAA.npz,द,trans_THAA_to_DAA,28,True,S3,transition
sequences\NSL_Consonant_Multi\S3_NSL_Consonant_Prepared\S3_Consonant_Camera\DAA_1737_1793.npz,द,DAA,57,True,S3,sign
sequences\NSL_Consonant_Multi\S3_NSL_Consonant_Prepared\S3_Consonant_Camera\trans_DAA_to_DHAA.npz,ध,trans_DAA_to_DHAA,17,True,S3,transition
sequences\NSL_Consonant_Multi\S3_NSL_Consonant_Prepared\S3_Consonant_Camera\DHAA_1811_1886.npz,ध,DHAA,76,True,S3,sign
sequences\NSL_Consonant_Multi\S3_NSL_Consonant_Prepared\S3_Consonant_Camera\trans_DHAA_to_NAA.npz,न,trans_DHAA_to_NAA,21,True,S3,transition
sequences\NSL_Consonant_Multi\S3_NSL_Consonant_Prepared\S3_Consonant_Camera\NAA_1908_1958.npz,न,NAA,51,True,S3,sign
sequences\NSL_Consonant_Multi\S3_NSL_Consonant_Prepared\S3_Consonant_Camera\trans_NAA_to_PA.npz,प,trans_NAA_to_PA,40,True,S3,transition
sequences\NSL_Consonant_Multi\S3_NSL_Consonant_Prepared\S3_Consonant_Camera\PA_1999_2066.npz,प,PA,68,True,S3,sign
sequences\NSL_Consonant_Multi\S3_NSL_Consonant_Prepared\S3_Consonant_Camera\trans_PA_to_PHA.npz,फ,trans_PA_to_PHA,31,True,S3,transition
sequences\NSL_Consonant_Multi\S3_NSL_Consonant_Prepared\S3_Consonant_Camera\PHA_2098_2162.npz,फ,PHA,65,True,S3,sign
sequences\NSL_Consonant_Multi\S3_NSL_Consonant_Prepared\S3_Consonant_Camera\trans_PHA_to_BA.npz,ब,trans_PHA_to_BA,35,True,S3,transition
sequences\NSL_Consonant_Multi\S3_NSL_Consonant_Prepared\S3_Consonant_Camera\BA_2198_2267.npz,ब,BA,70,True,S3,sign
sequences\NSL_Consonant_Multi\S3_NSL_Consonant_Prepared\S3_Consonant_Camera\trans_BA_to_BHA.npz,भ,trans_BA_to_BHA,17,True,S3,transition
sequences\NSL_Consonant_Multi\S3_NSL_Consonant_Prepared\S3_Consonant_Camera\BHA_2285_2341.npz,भ,BHA,57,True,S3,sign
sequences\NSL_Consonant_Multi\S3_NSL_Consonant_Prepared\S3_Consonant_Camera\trans_BHA_to_MA.npz,म,trans_BHA_to_MA,39,True,S3,transition
sequences\NSL_Consonant_Multi\S3_NSL_Consonant_Prepared\S3_Consonant_Camera\MA_2381_2431.npz,म,MA,51,True,S3,sign
sequences\NSL_Consonant_Multi\S3_NSL_Consonant_Prepared\S3_Consonant_Camera\trans_MA_to_YA.npz,य,trans_MA_to_YA,25,True,S3,transition
sequences\NSL_Consonant_Multi\S3_NSL_Consonant_Prepared\S3_Consonant_Camera\YA_2457_2513.npz,य,YA,57,True,S3,sign
sequences\NSL_Consonant_Multi\S3_NSL_Consonant_Prepared\S3_Consonant_Camera\trans_YA_to_RA.npz,र,trans_YA_to_RA,20,True,S3,transition
sequences\NSL_Consonant_Multi\S3_NSL_Consonant_Prepared\S3_Consonant_Camera\RA_2534_2608.npz,र,RA,75,True,S3,sign
sequences\NSL_Consonant_Multi\S3_NSL_Consonant_Prepared\S3_Consonant_Camera\trans_RA_to_LA.npz,ल,trans_RA_to_LA,24,True,S3,transition
sequences\NSL_Consonant_Multi\S3_NSL_Consonant_Prepared\S3_Consonant_Camera\LA_2633_2704.npz,ल,LA,72,True,S3,sign
sequences\NSL_Consonant_Multi\S3_NSL_Consonant_Prepared\S3_Consonant_Camera\trans_LA_to_WA.npz,व,trans_LA_to_WA,34,True,S3,transition
sequences\NSL_Consonant_Multi\S3_NSL_Consonant_Prepared\S3_Consonant_Camera\WA_2739_2798.npz,व,WA,60,True,S3,sign
sequences\NSL_Consonant_Multi\S3_NSL_Consonant_Prepared\S3_Consonant_Camera\trans_WA_to_T_SHA.npz,श,trans_WA_to_T_SHA,18,True,S3,transition
sequences\NSL_Consonant_Multi\S3_NSL_Consonant_Prepared\S3_Consonant_Camera\T_SHA_2817_2879.npz,श,T_SHA,63,True,S3,sign
sequences\NSL_Consonant_Multi\S3_NSL_Consonant_Prepared\S3_Consonant_Camera\trans_T_SHA_to_M_SHA.npz,ष,trans_T_SHA_to_M_SHA,20,True,S3,transition
sequences\NSL_Consonant_Multi\S3_NSL_Consonant_Prepared\S3_Consonant_Camera\M_SHA_2900_3006.npz,ष,M_SHA,107,True,S3,sign
sequences\NSL_Consonant_Multi\S3_NSL_Consonant_Prepared\S3_Consonant_Camera\trans_M_SHA_to_D_SHA.npz,स,trans_M_SHA_to_D_SHA,33,True,S3,transition
sequences\NSL_Consonant_Multi\S3_NSL_Consonant_Prepared\S3_Consonant_Camera\D_SHA_3040_3111.npz,स,D_SHA,72,True,S3,sign
sequences\NSL_Consonant_Multi\S3_NSL_Consonant_Prepared\S3_Consonant_Camera\trans_D_SHA_to_HA.npz,ह,trans_D_SHA_to_HA,30,True,S3,transition
sequences\NSL_Consonant_Multi\S3_NSL_Consonant_Prepared\S3_Consonant_Camera\HA_3142_3227.npz,ह,HA,86,True,S3,sign
sequences\NSL_Consonant_Multi\S3_NSL_Consonant_Prepared\S3_Consonant_Camera\trans_HA_to_KSHA.npz,क्ष,trans_HA_to_KSHA,16,True,S3,transition
sequences\NSL_Consonant_Multi\S3_NSL_Consonant_Prepared\S3_Consonant_Camera\KSHA_3244_3311.npz,क्ष,KSHA,68,True,S3,sign
sequences\NSL_Consonant_Multi\S3_NSL_Consonant_Prepared\S3_Consonant_Camera\trans_KSHA_to_TRA.npz,त्र,trans_KSHA_to_TRA,25,True,S3,transition
sequences\NSL_Consonant_Multi\S3_NSL_Consonant_Prepared\S3_Consonant_Camera\TRA_3337_3387.npz,त्र,TRA,51,True,S3,sign
sequences\NSL_Consonant_Multi\S3_NSL_Consonant_Prepared\S3_Consonant_Camera\trans_TRA_to_GYA.npz,ज्ञ,trans_TRA_to_GYA,28,True,S3,transition
sequences\NSL_Consonant_Multi\S3_NSL_Consonant_Prepared\S3_Consonant_Camera\GYA_3416_3474.npz,ज्ञ,GYA,59,True,S3,sign
sequences\NSL_Consonant_Multi\S3_NSL_Consonant_Real_World\S3_all_Consonant_RealWorld_2\KA_22_104.npz,क,KA,83,False,S3,sign
sequences\NSL_Consonant_Multi\S3_NSL_Consonant_Real_World\S3_all_Consonant_RealWorld_2\trans_KA_to_KHA.npz,ख,trans_KA_to_KHA,21,False,S3,transition
sequences\NSL_Consonant_Multi\S3_NSL_Consonant_Real_World\S3_all_Consonant_RealWorld_2\KHA_126_194.npz,ख,KHA,69,False,S3,sign
sequences\NSL_Consonant_Multi\S3_NSL_Consonant_Real_World\S3_all_Consonant_RealWorld_2\trans_KHA_to_GA.npz,ग,trans_KHA_to_GA,30,False,S3,transition
sequences\NSL_Consonant_Multi\S3_NSL_Consonant_Real_World\S3_all_Consonant_RealWorld_2\GA_225_280.npz,ग,GA,56,False,S3,sign
sequences\NSL_Consonant_Multi\S3_NSL_Consonant_Real_World\S3_all_Consonant_RealWorld_2\trans_GA_to_GHA.npz,घ,trans_GA_to_GHA,23,False,S3,transition
sequences\NSL_Consonant_Multi\S3_NSL_Consonant_Real_World\S3_all_Consonant_RealWorld_2\GHA_304_383.npz,घ,GHA,80,False,S3,sign
sequences\NSL_Consonant_Multi\S3_NSL_Consonant_Real_World\S3_all_Consonant_RealWorld_2\trans_GHA_to_NGA.npz,ङ,trans_GHA_to_NGA,22,False,S3,transition
sequences\NSL_Consonant_Multi\S3_NSL_Consonant_Real_World\S3_all_Consonant_RealWorld_2\NGA_406_473.npz,ङ,NGA,68,False,S3,sign
sequences\NSL_Consonant_Multi\S3_NSL_Consonant_Real_World\S3_all_Consonant_RealWorld_2\trans_NGA_to_CHA.npz,च,trans_NGA_to_CHA,22,False,S3,transition
sequences\NSL_Consonant_Multi\S3_NSL_Consonant_Real_World\S3_all_Consonant_RealWorld_2\CHA_496_552.npz,च,CHA,57,False,S3,sign
sequences\NSL_Consonant_Multi\S3_NSL_Consonant_Real_World\S3_all_Consonant_RealWorld_2\trans_CHA_to_CHHA.npz,छ,trans_CHA_to_CHHA,26,False,S3,transition
sequences\NSL_Consonant_Multi\S3_NSL_Consonant_Real_World\S3_all_Consonant_RealWorld_2\CHHA_579_648.npz,छ,CHHA,70,False,S3,sign
sequences\NSL_Consonant_Multi\S3_NSL_Consonant_Real_World\S3_all_Consonant_RealWorld_2\trans_CHHA_to_JA.npz,ज,trans_CHHA_to_JA,30,False,S3,transition
sequences\NSL_Consonant_Multi\S3_NSL_Consonant_Real_World\S3_all_Consonant_RealWorld_2\JA_679_742.npz,ज,JA,64,False,S3,sign
sequences\NSL_Consonant_Multi\S3_NSL_Consonant_Real_World\S3_all_Consonant_RealWorld_2\trans_JA_to_JHA.npz,झ,trans_JA_to_JHA,22,False,S3,transition
sequences\NSL_Consonant_Multi\S3_NSL_Consonant_Real_World\S3_all_Consonant_RealWorld_2\JHA_765_818.npz,झ,JHA,54,False,S3,sign
sequences\NSL_Consonant_Multi\S3_NSL_Consonant_Real_World\S3_all_Consonant_RealWorld_2\trans_JHA_to_YAN.npz,ञ,trans_JHA_to_YAN,19,False,S3,transition
sequences\NSL_Consonant_Multi\S3_NSL_Consonant_Real_World\S3_all_Consonant_RealWorld_2\YAN_838_904.npz,ञ,YAN,67,False,S3,sign
sequences\NSL_Consonant_Multi\S3_NSL_Consonant_Real_World\S3_all_Consonant_RealWorld_2\trans_YAN_to_TA.npz,ट,trans_YAN_to_TA,27,False,S3,transition
sequences\NSL_Consonant_Multi\S3_NSL_Consonant_Real_World\S3_all_Consonant_RealWorld_2\TA_932_1015.npz,ट,TA,84,False,S3,sign
sequences\NSL_Consonant_Multi\S3_NSL_Consonant_Real_World\S3_all_Consonant_RealWorld_2\trans_TA_to_THA.npz,ठ,trans_TA_to_THA,17,False,S3,transition
sequences\NSL_Consonant_Multi\S3_NSL_Consonant_Real_World\S3_all_Consonant_RealWorld_2\THA_1033_1105.npz,ठ,THA,73,False,S3,sign
sequences\NSL_Consonant_Multi\S3_NSL_Consonant_Real_World\S3_all_Consonant_RealWorld_2\trans_THA_to_DA.npz,ड,trans_THA_to_DA,36,False,S3,transition
sequences\NSL_Consonant_Multi\S3_NSL_Consonant_Real_World\S3_all_Consonant_RealWorld_2\DA_1142_1208.npz,ड,DA,67,False,S3,sign
sequences\NSL_Consonant_Multi\S3_NSL_Consonant_Real_World\S3_all_Consonant_RealWorld_2\trans_DA_to_DHA.npz,ढ,trans_DA_to_DHA,28,False,S3,transition
sequences\NSL_Consonant_Multi\S3_NSL_Consonant_Real_World\S3_all_Consonant_RealWorld_2\DHA_1237_1303.npz,ढ,DHA,67,False,S3,sign
sequences\NSL_Consonant_Multi\S3_NSL_Consonant_Real_World\S3_all_Consonant_RealWorld_2\trans_DHA_to_NA.npz,ण,trans_DHA_to_NA,27,False,S3,transition
sequences\NSL_Consonant_Multi\S3_NSL_Consonant_Real_World\S3_all_Consonant_RealWorld_2\NA_1331_1389.npz,ण,NA,59,False,S3,sign
sequences\NSL_Consonant_Multi\S3_NSL_Consonant_Real_World\S3_all_Consonant_RealWorld_2\trans_NA_to_TAA.npz,त,trans_NA_to_TAA,27,False,S3,transition
sequences\NSL_Consonant_Multi\S3_NSL_Consonant_Real_World\S3_all_Consonant_RealWorld_2\TAA_1417_1466.npz,त,TAA,50,False,S3,sign
sequences\NSL_Consonant_Multi\S3_NSL_Consonant_Real_World\S3_all_Consonant_RealWorld_2\trans_TAA_to_THAA.npz,थ,trans_TAA_to_THAA,31,False,S3,transition
sequences\NSL_Consonant_Multi\S3_NSL_Consonant_Real_World\S3_all_Consonant_RealWorld_2\THAA_1498_1569.npz,थ,THAA,72,False,S3,sign
sequences\NSL_Consonant_Multi\S3_NSL_Consonant_Real_World\S3_all_Consonant_RealWorld_2\trans_THAA_to_DAA.npz,द,trans_THAA_to_DAA,17,False,S3,transition
sequences\NSL_Consonant_Multi\S3_NSL_Consonant_Real_World\S3_all_Consonant_RealWorld_2\DAA_1587_1646.npz,द,DAA,60,False,S3,sign
sequences\NSL_Consonant_Multi\S3_NSL_Consonant_Real_World\S3_all_Consonant_RealWorld_2\trans_DAA_to_DHAA.npz,ध,trans_DAA_to_DHAA,21,False,S3,transition
sequences\NSL_Consonant_Multi\S3_NSL_Consonant_Real_World\S3_all_Consonant_RealWorld_2\DHAA_1668_1732.npz,ध,DHAA,65,False,S3,sign
sequences\NSL_Consonant_Multi\S3_NSL_Consonant_Real_World\S3_all_Consonant_RealWorld_2\trans_DHAA_to_NAA.npz,न,trans_DHAA_to_NAA,20,False,S3,transition
sequences\NSL_Consonant_Multi\S3_NSL_Consonant_Real_World\S3_all_Consonant_RealWorld_2\NAA_1753_1827.npz,न,NAA,75,False,S3,sign
sequences\NSL_Consonant_Multi\S3_NSL_Consonant_Real_World\S3_all_Consonant_RealWorld_2\trans_NAA_to_PA.npz,प,trans_NAA_to_PA,27,False,S3,transition
sequences\NSL_Consonant_Multi\S3_NSL_Consonant_Real_World\S3_all_Consonant_RealWorld_2\PA_1855_1924.npz,प,PA,70,False,S3,sign
sequences\NSL_Consonant_Multi\S3_NSL_Consonant_Real_World\S3_all_Consonant_RealWorld_2\trans_PA_to_PHA.npz,फ,trans_PA_to_PHA,25,False,S3,transition
sequences\NSL_Consonant_Multi\S3_NSL_Consonant_Real_World\S3_all_Consonant_RealWorld_2\PHA_1950_2009.npz,फ,PHA,60,False,S3,sign
sequences\NSL_Consonant_Multi\S3_NSL_Consonant_Real_World\S3_all_Consonant_RealWorld_2\trans_PHA_to_BA.npz,ब,trans_PHA_to_BA,36,False,S3,transition
sequences\NSL_Consonant_Multi\S3_NSL_Consonant_Real_World\S3_all_Consonant_RealWorld_2\BA_2046_2106.npz,ब,BA,61,False,S3,sign
sequences\NSL_Consonant_Multi\S3_NSL_Consonant_Real_World\S3_all_Consonant_RealWorld_2\trans_BA_to_BHA.npz,भ,trans_BA_to_BHA,27,False,S3,transition
sequences\NSL_Consonant_Multi\S3_NSL_Consonant_Real_World\S3_all_Consonant_RealWorld_2\BHA_2134_2183.npz,भ,BHA,50,False,S3,sign
sequences\NSL_Consonant_Multi\S3_NSL_Consonant_Real_World\S3_all_Consonant_RealWorld_2\trans_BHA_to_MA.npz,म,trans_BHA_to_MA,33,False,S3,transition
sequences\NSL_Consonant_Multi\S3_NSL_Consonant_Real_World\S3_all_Consonant_RealWorld_2\MA_2217_2268.npz,म,MA,52,False,S3,sign
sequences\NSL_Consonant_Multi\S3_NSL_Consonant_Real_World\S3_all_Consonant_RealWorld_2\trans_MA_to_YA.npz,य,trans_MA_to_YA,20,False,S3,transition
sequences\NSL_Consonant_Multi\S3_NSL_Consonant_Real_World\S3_all_Consonant_RealWorld_2\YA_2289_2356.npz,य,YA,68,False,S3,sign
sequences\NSL_Consonant_Multi\S3_NSL_Consonant_Real_World\S3_all_Consonant_RealWorld_2\trans_YA_to_RA.npz,र,trans_YA_to_RA,25,False,S3,transition
sequences\NSL_Consonant_Multi\S3_NSL_Consonant_Real_World\S3_all_Consonant_RealWorld_2\RA_2382_2440.npz,र,RA,59,False,S3,sign
sequences\NSL_Consonant_Multi\S3_NSL_Consonant_Real_World\S3_all_Consonant_RealWorld_2\trans_RA_to_LA.npz,ल,trans_RA_to_LA,20,False,S3,transition
sequences\NSL_Consonant_Multi\S3_NSL_Consonant_Real_World\S3_all_Consonant_RealWorld_2\LA_2461_2530.npz,ल,LA,70,False,S3,sign
sequences\NSL_Consonant_Multi\S3_NSL_Consonant_Real_World\S3_all_Consonant_RealWorld_2\trans_LA_to_WA.npz,व,trans_LA_to_WA,25,False,S3,transition
sequences\NSL_Consonant_Multi\S3_NSL_Consonant_Real_World\S3_all_Consonant_RealWorld_2\WA_2556_2616.npz,व,WA,61,False,S3,sign
sequences\NSL_Consonant_Multi\S3_NSL_Consonant_Real_World\S3_all_Consonant_RealWorld_2\trans_WA_to_T_SHA.npz,श,trans_WA_to_T_SHA,23,False,S3,transition
sequences\NSL_Consonant_Multi\S3_NSL_Consonant_Real_World\S3_all_Consonant_RealWorld_2\T_SHA_2640_2699.npz,श,T_SHA,60,False,S3,sign
sequences\NSL_Consonant_Multi\S3_NSL_Consonant_Real_World\S3_all_Consonant_RealWorld_2\trans_T_SHA_to_M_SHA.npz,ष,trans_T_SHA_to_M_SHA,27,False,S3,transition
sequences\NSL_Consonant_Multi\S3_NSL_Consonant_Real_World\S3_all_Consonant_RealWorld_2\M_SHA_2727_2792.npz,ष,M_SHA,66,False,S3,sign
sequences\NSL_Consonant_Multi\S3_NSL_Consonant_Real_World\S3_all_Consonant_RealWorld_2\trans_M_SHA_to_D_SHA.npz,स,trans_M_SHA_to_D_SHA,22,False,S3,transition
sequences\NSL_Consonant_Multi\S3_NSL_Consonant_Real_World\S3_all_Consonant_RealWorld_2\D_SHA_2815_2883.npz,स,D_SHA,69,False,S3,sign
sequences\NSL_Consonant_Multi\S3_NSL_Consonant_Real_World\S3_all_Consonant_RealWorld_2\trans_D_SHA_to_HA.npz,ह,trans_D_SHA_to_HA,15,False,S3,transition
sequences\NSL_Consonant_Multi\S3_NSL_Consonant_Real_World\S3_all_Consonant_RealWorld_2\HA_2899_2968.npz,ह,HA,70,False,S3,sign
sequences\NSL_Consonant_Multi\S3_NSL_Consonant_Real_World\S3_all_Consonant_RealWorld_2\trans_HA_to_KSHA.npz,क्ष,trans_HA_to_KSHA,19,False,S3,transition
sequences\NSL_Consonant_Multi\S3_NSL_Consonant_Real_World\S3_all_Consonant_RealWorld_2\KSHA_2988_3045.npz,क्ष,KSHA,58,False,S3,sign
sequences\NSL_Consonant_Multi\S3_NSL_Consonant_Real_World\S3_all_Consonant_RealWorld_2\trans_KSHA_to_TRA.npz,त्र,trans_KSHA_to_TRA,21,False,S3,transition
sequences\NSL_Consonant_Multi\S3_NSL_Consonant_Real_World\S3_all_Consonant_RealWorld_2\TRA_3067_3111.npz,त्र,TRA,45,False,S3,sign
sequences\NSL_Consonant_Multi\S3_NSL_Consonant_Real_World\S3_all_Consonant_RealWorld_2\trans_TRA_to_GYA.npz,ज्ञ,trans_TRA_to_GYA,22,False,S3,transition
sequences\NSL_Consonant_Multi\S3_NSL_Consonant_Real_World\S3_all_Consonant_RealWorld_2\GYA_3134_3177.npz,ज्ञ,GYA,44,False,S3,sign
sequences\NSL_Consonant_Multi\S3_NSL_Consonant_Real_World\S3_all_Consonant_Real_World_1\KA_428_492.npz,क,KA,65,False,S3,sign
sequences\NSL_Consonant_Multi\S3_NSL_Consonant_Real_World\S3_all_Consonant_Real_World_1\trans_KA_to_KHA.npz,ख,trans_KA_to_KHA,22,False,S3,transition
sequences\NSL_Consonant_Multi\S3_NSL_Consonant_Real_World\S3_all_Consonant_Real_World_1\KHA_515_563.npz,ख,KHA,49,False,S3,sign
sequences\NSL_Consonant_Multi\S3_NSL_Consonant_Real_World\S3_all_Consonant_Real_World_1\trans_KHA_to_GA.npz,ग,trans_KHA_to_GA,30,False,S3,transition
sequences\NSL_Consonant_Multi\S3_NSL_Consonant_Real_World\S3_all_Consonant_Real_World_1\GA_594_634.npz,ग,GA,41,False,S3,sign
sequences\NSL_Consonant_Multi\S3_NSL_Consonant_Real_World\S3_all_Consonant_Real_World_1\trans_GA_to_GHA.npz,घ,trans_GA_to_GHA,16,False,S3,transition
sequences\NSL_Consonant_Multi\S3_NSL_Consonant_Real_World\S3_all_Consonant_Real_World_1\GHA_651_714.npz,घ,GHA,64,False,S3,sign
sequences\NSL_Consonant_Multi\S3_NSL_Consonant_Real_World\S3_all_Consonant_Real_World_1\trans_GHA_to_NGA.npz,ङ,trans_GHA_to_NGA,31,False,S3,transition
sequences\NSL_Consonant_Multi\S3_NSL_Consonant_Real_World\S3_all_Consonant_Real_World_1\NGA_746_793.npz,ङ,NGA,48,False,S3,sign
sequences\NSL_Consonant_Multi\S3_NSL_Consonant_Real_World\S3_all_Consonant_Real_World_1\trans_NGA_to_CHA.npz,च,trans_NGA_to_CHA,23,False,S3,transition
sequences\NSL_Consonant_Multi\S3_NSL_Consonant_Real_World\S3_all_Consonant_Real_World_1\CHA_817_863.npz,च,CHA,47,False,S3,sign
sequences\NSL_Consonant_Multi\S3_NSL_Consonant_Real_World\S3_all_Consonant_Real_World_1\trans_CHA_to_CHHA.npz,छ,trans_CHA_to_CHHA,31,False,S3,transition
sequences\NSL_Consonant_Multi\S3_NSL_Consonant_Real_World\S3_all_Consonant_Real_World_1\CHHA_895_941.npz,छ,CHHA,47,False,S3,sign
sequences\NSL_Consonant_Multi\S3_NSL_Consonant_Real_World\S3_all_Consonant_Real_World_1\trans_CHHA_to_JA.npz,ज,trans_CHHA_to_JA,20,False,S3,transition
sequences\NSL_Consonant_Multi\S3_NSL_Consonant_Real_World\S3_all_Consonant_Real_World_1\JA_962_1018.npz,ज,JA,57,False,S3,sign
sequences\NSL_Consonant_Multi\S3_NSL_Consonant_Real_World\S3_all_Consonant_Real_World_1\trans_JA_to_JHA.npz,झ,trans_JA_to_JHA,25,False,S3,transition
sequences\NSL_Consonant_Multi\S3_NSL_Consonant_Real_World\S3_all_Consonant_Real_World_1\JHA_1044_1084.npz,झ,JHA,41,False,S3,sign
sequences\NSL_Consonant_Multi\S3_NSL_Consonant_Real_World\S3_all_Consonant_Real_World_1\trans_JHA_to_YAN.npz,ञ,trans_JHA_to_YAN,17,False,S3,transition
sequences\NSL_Consonant_Multi\S3_NSL_Consonant_Real_World\S3_all_Consonant_Real_World_1\YAN_1102_1162.npz,ञ,YAN,61,False,S3,sign
sequences\NSL_Consonant_Multi\S3_NSL_Consonant_Real_World\S3_all_Consonant_Real_World_1\trans_YAN_to_TA.npz,ट,trans_YAN_to_TA,18,False,S3,transition
sequences\NSL_Consonant_Multi\S3_NSL_Consonant_Real_World\S3_all_Consonant_Real_World_1\TA_1181_1249.npz,ट,TA,69,False,S3,sign
sequences\NSL_Consonant_Multi\S3_NSL_Consonant_Real_World\S3_all_Consonant_Real_World_1\trans_TA_to_THA.npz,ठ,trans_TA_to_THA,25,False,S3,transition
sequences\NSL_Consonant_Multi\S3_NSL_Consonant_Real_World\S3_all_Consonant_Real_World_1\THA_1275_1326.npz,ठ,THA,52,False,S3,sign
sequences\NSL_Consonant_Multi\S3_NSL_Consonant_Real_World\S3_all_Consonant_Real_World_1\trans_THA_to_DA.npz,ड,trans_THA_to_DA,20,False,S3,transition
sequences\NSL_Consonant_Multi\S3_NSL_Consonant_Real_World\S3_all_Consonant_Real_World_1\DA_1347_1407.npz,ड,DA,61,False,S3,sign
sequences\NSL_Consonant_Multi\S3_NSL_Consonant_Real_World\S3_all_Consonant_Real_World_1\trans_DA_to_DHA.npz,ढ,trans_DA_to_DHA,36,False,S3,transition
sequences\NSL_Consonant_Multi\S3_NSL_Consonant_Real_World\S3_all_Consonant_Real_World_1\DHA_1444_1490.npz,ढ,DHA,47,False,S3,sign
sequences\NSL_Consonant_Multi\S3_NSL_Consonant_Real_World\S3_all_Consonant_Real_World_1\trans_DHA_to_NA.npz,ण,trans_DHA_to_NA,23,False,S3,transition
sequences\NSL_Consonant_Multi\S3_NSL_Consonant_Real_World\S3_all_Consonant_Real_World_1\NA_1514_1563.npz,ण,NA,50,False,S3,sign
sequences\NSL_Consonant_Multi\S3_NSL_Consonant_Real_World\S3_all_Consonant_Real_World_1\trans_NA_to_TAA.npz,त,trans_NA_to_TAA,22,False,S3,transition
sequences\NSL_Consonant_Multi\S3_NSL_Consonant_Real_World\S3_all_Consonant_Real_World_1\TAA_1586_1626.npz,त,TAA,41,False,S3,sign
sequences\NSL_Consonant_Multi\S3_NSL_Consonant_Real_World\S3_all_Consonant_Real_World_1\trans_TAA_to_THAA.npz,थ,trans_TAA_to_THAA,29,False,S3,transition
sequences\NSL_Consonant_Multi\S3_NSL_Consonant_Real_World\S3_all_Consonant_Real_World_1\THAA_1656_1712.npz,थ,THAA,57,False,S3,sign
sequences\NSL_Consonant_Multi\S3_NSL_Consonant_Real_World\S3_all_Consonant_Real_World_1\trans_THAA_to_DAA.npz,द,trans_THAA_to_DAA,10,False,S3,transition
sequences\NSL_Consonant_Multi\S3_NSL_Consonant_Real_World\S3_all_Consonant_Real_World_1\DAA_1723_1774.npz,द,DAA,52,False,S3,sign
sequences\NSL_Consonant_Multi\S3_NSL_Consonant_Real_World\S3_all_Consonant_Real_World_1\trans_DAA_to_DHAA.npz,ध,trans_DAA_to_DHAA,18,False,S3,transition
sequences\NSL_Consonant_Multi\S3_NSL_Consonant_Real_World\S3_all_Consonant_Real_World_1\DHAA_1793_1849.npz,ध,DHAA,57,False,S3,sign
sequences\NSL_Consonant_Multi\S3_NSL_Consonant_Real_World\S3_all_Consonant_Real_World_1\trans_DHAA_to_NAA.npz,न,trans_DHAA_to_NAA,24,False,S3,transition
sequences\NSL_Consonant_Multi\S3_NSL_Consonant_Real_World\S3_all_Consonant_Real_World_1\NAA_1874_1925.npz,न,NAA,52,False,S3,sign
sequences\NSL_Consonant_Multi\S3_NSL_Consonant_Real_World\S3_all_Consonant_Real_World_1\trans_NAA_to_PA.npz,प,trans_NAA_to_PA,28,False,S3,transition
sequences\NSL_Consonant_Multi\S3_NSL_Consonant_Real_World\S3_all_Consonant_Real_World_1\PA_1954_2000.npz,प,PA,47,False,S3,sign
sequences\NSL_Consonant_Multi\S3_NSL_Consonant_Real_World\S3_all_Consonant_Real_World_1\trans_PA_to_PHA.npz,फ,trans_PA_to_PHA,30,False,S3,transition
sequences\NSL_Consonant_Multi\S3_NSL_Consonant_Real_World\S3_all_Consonant_Real_World_1\PHA_2031_2078.npz,फ,PHA,48,False,S3,sign
sequences\NSL_Consonant_Multi\S3_NSL_Consonant_Real_World\S3_all_Consonant_Real_World_1\trans_PHA_to_BA.npz,ब,trans_PHA_to_BA,33,False,S3,transition
sequences\NSL_Consonant_Multi\S3_NSL_Consonant_Real_World\S3_all_Consonant_Real_World_1\BA_2112_2160.npz,ब,BA,49,False,S3,sign
sequences\NSL_Consonant_Multi\S3_NSL_Consonant_Real_World\S3_all_Consonant_Real_World_1\trans_BA_to_BHA.npz,भ,trans_BA_to_BHA,25,False,S3,transition
sequences\NSL_Consonant_Multi\S3_NSL_Consonant_Real_World\S3_all_Consonant_Real_World_1\BHA_2186_2228.npz,भ,BHA,43,False,S3,sign
sequences\NSL_Consonant_Multi\S3_NSL_Consonant_Real_World\S3_all_Consonant_Real_World_1\trans_BHA_to_MA.npz,म,trans_BHA_to_MA,24,False,S3,transition
sequences\NSL_Consonant_Multi\S3_NSL_Consonant_Real_World\S3_all_Consonant_Real_World_1\MA_2253_2296.npz,म,MA,44,False,S3,sign
sequences\NSL_Consonant_Multi\S3_NSL_Consonant_Real_World\S3_all_Consonant_Real_World_1\trans_MA_to_YA.npz,य,trans_MA_to_YA,26,False,S3,transition
sequences\NSL_Consonant_Multi\S3_NSL_Consonant_Real_World\S3_all_Consonant_Real_World_1\YA_2323_2369.npz,य,YA,47,False,S3,sign
sequences\NSL_Consonant_Multi\S3_NSL_Consonant_Real_World\S3_all_Consonant_Real_World_1\trans_YA_to_RA.npz,र,trans_YA_to_RA,33,False,S3,transition
sequences\NSL_Consonant_Multi\S3_NSL_Consonant_Real_World\S3_all_Consonant_Real_World_1\RA_2403_2438.npz,र,RA,36,False,S3,sign
sequences\NSL_Consonant_Multi\S3_NSL_Consonant_Real_World\S3_all_Consonant_Real_World_1\trans_RA_to_LA.npz,ल,trans_RA_to_LA,21,False,S3,transition
sequences\NSL_Consonant_Multi\S3_NSL_Consonant_Real_World\S3_all_Consonant_Real_World_1\LA_2460_2513.npz,ल,LA,54,False,S3,sign
sequences\NSL_Consonant_Multi\S3_NSL_Consonant_Real_World\S3_all_Consonant_Real_World_1\trans_LA_to_WA.npz,व,trans_LA_to_WA,24,False,S3,transition
sequences\NSL_Consonant_Multi\S3_NSL_Consonant_Real_World\S3_all_Consonant_Real_World_1\WA_2538_2587.npz,व,WA,50,False,S3,sign
sequences\NSL_Consonant_Multi\S3_NSL_Consonant_Real_World\S3_all_Consonant_Real_World_1\trans_WA_to_T_SHA.npz,श,trans_WA_to_T_SHA,19,False,S3,transition
sequences\NSL_Consonant_Multi\S3_NSL_Consonant_Real_World\S3_all_Consonant_Real_World_1\T_SHA_2607_2656.npz,श,T_SHA,50,False,S3,sign
sequences\NSL_Consonant_Multi\S3_NSL_Consonant_Real_World\S3_all_Consonant_Real_World_1\trans_T_SHA_to_M_SHA.npz,ष,trans_T_SHA_to_M_SHA,26,False,S3,transition
sequences\NSL_Consonant_Multi\S3_NSL_Consonant_Real_World\S3_all_Consonant_Real_World_1\M_SHA_2683_2730.npz,ष,M_SHA,48,False,S3,sign
sequences\NSL_Consonant_Multi\S3_NSL_Consonant_Real_World\S3_all_Consonant_Real_World_1\trans_M_SHA_to_D_SHA.npz,स,trans_M_SHA_to_D_SHA,20,False,S3,transition
sequences\NSL_Consonant_Multi\S3_NSL_Consonant_Real_World\S3_all_Consonant_Real_World_1\D_SHA_2751_2806.npz,स,D_SHA,56,False,S3,sign
sequences\NSL_Consonant_Multi\S3_NSL_Consonant_Real_World\S3_all_Consonant_Real_World_1\trans_D_SHA_to_HA.npz,ह,trans_D_SHA_to_HA,22,False,S3,transition
sequences\NSL_Consonant_Multi\S3_NSL_Consonant_Real_World\S3_all_Consonant_Real_World_1\HA_2829_2877.npz,ह,HA,49,False,S3,sign
sequences\NSL_Consonant_Multi\S3_NSL_Consonant_Real_World\S3_all_Consonant_Real_World_1\trans_HA_to_KSHA.npz,क्ष,trans_HA_to_KSHA,27,False,S3,transition
sequences\NSL_Consonant_Multi\S3_NSL_Consonant_Real_World\S3_all_Consonant_Real_World_1\KSHA_2905_2944.npz,क्ष,KSHA,40,False,S3,sign
sequences\NSL_Consonant_Multi\S3_NSL_Consonant_Real_World\S3_all_Consonant_Real_World_1\trans_KSHA_to_TRA.npz,त्र,trans_KSHA_to_TRA,22,False,S3,transition
sequences\NSL_Consonant_Multi\S3_NSL_Consonant_Real_World\S3_all_Consonant_Real_World_1\TRA_2967_2997.npz,त्र,TRA,31,False,S3,sign
sequences\NSL_Consonant_Multi\S3_NSL_Consonant_Real_World\S3_all_Consonant_Real_World_1\trans_TRA_to_GYA.npz,ज्ञ,trans_TRA_to_GYA,27,False,S3,transition
sequences\NSL_Consonant_Multi\S3_NSL_Consonant_Real_World\S3_all_Consonant_Real_World_1\GYA_3025_3064.npz,ज्ञ,GYA,40,False,S3,sign
sequences\NSL_Consonant_Multi\S4_NSL_Consonant_Prepared\S4_NSL_Consonant_Camera\KA_32_192.npz,क,KA,161,True,S4,sign
sequences\NSL_Consonant_Multi\S4_NSL_Consonant_Prepared\S4_NSL_Consonant_Camera\trans_KA_to_KHA.npz,ख,trans_KA_to_KHA,22,True,S4,transition
sequences\NSL_Consonant_Multi\S4_NSL_Consonant_Prepared\S4_NSL_Consonant_Camera\KHA_215_265.npz,ख,KHA,51,True,S4,sign
sequences\NSL_Consonant_Multi\S4_NSL_Consonant_Prepared\S4_NSL_Consonant_Camera\trans_KHA_to_GA.npz,ग,trans_KHA_to_GA,29,True,S4,transition
sequences\NSL_Consonant_Multi\S4_NSL_Consonant_Prepared\S4_NSL_Consonant_Camera\GA_295_334.npz,ग,GA,40,True,S4,sign
sequences\NSL_Consonant_Multi\S4_NSL_Consonant_Prepared\S4_NSL_Consonant_Camera\trans_GA_to_GHA.npz,घ,trans_GA_to_GHA,29,True,S4,transition
sequences\NSL_Consonant_Multi\S4_NSL_Consonant_Prepared\S4_NSL_Consonant_Camera\GHA_364_407.npz,घ,GHA,44,True,S4,sign
sequences\NSL_Consonant_Multi\S4_NSL_Consonant_Prepared\S4_NSL_Consonant_Camera\trans_GHA_to_NGA.npz,ङ,trans_GHA_to_NGA,28,True,S4,transition
sequences\NSL_Consonant_Multi\S4_NSL_Consonant_Prepared\S4_NSL_Consonant_Camera\NGA_436_487.npz,ङ,NGA,52,True,S4,sign
sequences\NSL_Consonant_Multi\S4_NSL_Consonant_Prepared\S4_NSL_Consonant_Camera\trans_NGA_to_CHA.npz,च,trans_NGA_to_CHA,37,True,S4,transition
sequences\NSL_Consonant_Multi\S4_NSL_Consonant_Prepared\S4_NSL_Consonant_Camera\CHA_525_572.npz,च,CHA,48,True,S4,sign
sequences\NSL_Consonant_Multi\S4_NSL_Consonant_Prepared\S4_NSL_Consonant_Camera\trans_CHA_to_CHHA.npz,छ,trans_CHA_to_CHHA,33,True,S4,transition
sequences\NSL_Consonant_Multi\S4_NSL_Consonant_Prepared\S4_NSL_Consonant_Camera\CHHA_606_652.npz,छ,CHHA,47,True,S4,sign
sequences\NSL_Consonant_Multi\S4_NSL_Consonant_Prepared\S4_NSL_Consonant_Camera\trans_CHHA_to_JA.npz,ज,trans_CHHA_to_JA,36,True,S4,transition
sequences\NSL_Consonant_Multi\S4_NSL_Consonant_Prepared\S4_NSL_Consonant_Camera\JA_689_740.npz,ज,JA,52,True,S4,sign
sequences\NSL_Consonant_Multi\S4_NSL_Consonant_Prepared\S4_NSL_Consonant_Camera\trans_JA_to_JHA.npz,झ,trans_JA_to_JHA,34,True,S4,transition
sequences\NSL_Consonant_Multi\S4_NSL_Consonant_Prepared\S4_NSL_Consonant_Camera\JHA_775_824.npz,झ,JHA,50,True,S4,sign
sequences\NSL_Consonant_Multi\S4_NSL_Consonant_Prepared\S4_NSL_Consonant_Camera\trans_JHA_to_YAN.npz,ञ,trans_JHA_to_YAN,34,True,S4,transition
sequences\NSL_Consonant_Multi\S4_NSL_Consonant_Prepared\S4_NSL_Consonant_Camera\YAN_859_919.npz,ञ,YAN,61,True,S4,sign
sequences\NSL_Consonant_Multi\S4_NSL_Consonant_Prepared\S4_NSL_Consonant_Camera\trans_YAN_to_TA.npz,ट,trans_YAN_to_TA,39,True,S4,transition
sequences\NSL_Consonant_Multi\S4_NSL_Consonant_Prepared\S4_NSL_Consonant_Camera\TA_959_1002.npz,ट,TA,44,True,S4,sign
sequences\NSL_Consonant_Multi\S4_NSL_Consonant_Prepared\S4_NSL_Consonant_Camera\trans_TA_to_THA.npz,ठ,trans_TA_to_THA,39,True,S4,transition
sequences\NSL_Consonant_Multi\S4_NSL_Consonant_Prepared\S4_NSL_Consonant_Camera\THA_1042_1074.npz,ठ,THA,33,True,S4,sign
sequences\NSL_Consonant_Multi\S4_NSL_Consonant_Prepared\S4_NSL_Consonant_Camera\trans_THA_to_DA.npz,ड,trans_THA_to_DA,29,True,S4,transition
sequences\NSL_Consonant_Multi\S4_NSL_Consonant_Prepared\S4_NSL_Consonant_Camera\DA_1104_1163.npz,ड,DA,60,True,S4,sign
sequences\NSL_Consonant_Multi\S4_NSL_Consonant_Prepared\S4_NSL_Consonant_Camera\trans_DA_to_DHA.npz,ढ,trans_DA_to_DHA,34,True,S4,transition
sequences\NSL_Consonant_Multi\S4_NSL_Consonant_Prepared\S4_NSL_Consonant_Camera\DHA_1198_1239.npz,ढ,DHA,42,True,S4,sign
sequences\NSL_Consonant_Multi\S4_NSL_Consonant_Prepared\S4_NSL_Consonant_Camera\trans_DHA_to_NA.npz,ण,trans_DHA_to_NA,35,True,S4,transition
sequences\NSL_Consonant_Multi\S4_NSL_Consonant_Prepared\S4_NSL_Consonant_Camera\NA_1275_1326.npz,ण,NA,52,True,S4,sign
sequences\NSL_Consonant_Multi\S4_NSL_Consonant_Prepared\S4_NSL_Consonant_Camera\trans_NA_to_TAA.npz,त,trans_NA_to_TAA,40,True,S4,transition
sequences\NSL_Consonant_Multi\S4_NSL_Consonant_Prepared\S4_NSL_Consonant_Camera\TAA_1367_1413.npz,त,TAA,47,True,S4,sign
sequences\NSL_Consonant_Multi\S4_NSL_Consonant_Prepared\S4_NSL_Consonant_Camera\trans_TAA_to_THAA.npz,थ,trans_TAA_to_THAA,23,True,S4,transition
sequences\NSL_Consonant_Multi\S4_NSL_Consonant_Prepared\S4_NSL_Consonant_Camera\THAA_1437_1489.npz,थ,THAA,53,True,S4,sign
sequences\NSL_Consonant_Multi\S4_NSL_Consonant_Prepared\S4_NSL_Consonant_Camera\trans_THAA_to_DAA.npz,द,trans_THAA_to_DAA,29,True,S4,transition
sequences\NSL_Consonant_Multi\S4_NSL_Consonant_Prepared\S4_NSL_Consonant_Camera\DAA_1519_1568.npz,द,DAA,50,True,S4,sign
sequences\NSL_Consonant_Multi\S4_NSL_Consonant_Prepared\S4_NSL_Consonant_Camera\trans_DAA_to_DHAA.npz,ध,trans_DAA_to_DHAA,31,True,S4,transition
sequences\NSL_Consonant_Multi\S4_NSL_Consonant_Prepared\S4_NSL_Consonant_Camera\DHAA_1600_1655.npz,ध,DHAA,56,True,S4,sign
sequences\NSL_Consonant_Multi\S4_NSL_Consonant_Prepared\S4_NSL_Consonant_Camera\trans_DHAA_to_NAA.npz,न,trans_DHAA_to_NAA,29,True,S4,transition
sequences\NSL_Consonant_Multi\S4_NSL_Consonant_Prepared\S4_NSL_Consonant_Camera\NAA_1685_1721.npz,न,NAA,37,True,S4,sign
sequences\NSL_Consonant_Multi\S4_NSL_Consonant_Prepared\S4_NSL_Consonant_Camera\trans_NAA_to_PA.npz,प,trans_NAA_to_PA,32,True,S4,transition
sequences\NSL_Consonant_Multi\S4_NSL_Consonant_Prepared\S4_NSL_Consonant_Camera\PA_1754_1811.npz,प,PA,58,True,S4,sign
sequences\NSL_Consonant_Multi\S4_NSL_Consonant_Prepared\S4_NSL_Consonant_Camera\trans_PA_to_PHA.npz,फ,trans_PA_to_PHA,32,True,S4,transition
sequences\NSL_Consonant_Multi\S4_NSL_Consonant_Prepared\S4_NSL_Consonant_Camera\PHA_1844_1883.npz,फ,PHA,40,True,S4,sign
sequences\NSL_Consonant_Multi\S4_NSL_Consonant_Prepared\S4_NSL_Consonant_Camera\trans_PHA_to_BA.npz,ब,trans_PHA_to_BA,38,True,S4,transition
sequences\NSL_Consonant_Multi\S4_NSL_Consonant_Prepared\S4_NSL_Consonant_Camera\BA_1922_1978.npz,ब,BA,57,True,S4,sign
sequences\NSL_Consonant_Multi\S4_NSL_Consonant_Prepared\S4_NSL_Consonant_Camera\trans_BA_to_BHA.npz,भ,trans_BA_to_BHA,31,True,S4,transition
sequences\NSL_Consonant_Multi\S4_NSL_Consonant_Prepared\S4_NSL_Consonant_Camera\BHA_2010_2050.npz,भ,BHA,41,True,S4,sign
sequences\NSL_Consonant_Multi\S4_NSL_Consonant_Prepared\S4_NSL_Consonant_Camera\trans_BHA_to_MA.npz,म,trans_BHA_to_MA,39,True,S4,transition
sequences\NSL_Consonant_Multi\S4_NSL_Consonant_Prepared\S4_NSL_Consonant_Camera\MA_2090_2122.npz,म,MA,33,True,S4,sign
sequences\NSL_Consonant_Multi\S4_NSL_Consonant_Prepared\S4_NSL_Consonant_Camera\trans_MA_to_YA.npz,य,trans_MA_to_YA,25,True,S4,transition
sequences\NSL_Consonant_Multi\S4_NSL_Consonant_Prepared\S4_NSL_Consonant_Camera\YA_2148_2208.npz,य,YA,61,True,S4,sign
sequences\NSL_Consonant_Multi\S4_NSL_Consonant_Prepared\S4_NSL_Consonant_Camera\trans_YA_to_RA.npz,र,trans_YA_to_RA,35,True,S4,transition
sequences\NSL_Consonant_Multi\S4_NSL_Consonant_Prepared\S4_NSL_Consonant_Camera\RA_2244_2299.npz,र,RA,56,True,S4,sign
sequences\NSL_Consonant_Multi\S4_NSL_Consonant_Prepared\S4_NSL_Consonant_Camera\trans_RA_to_LA.npz,ल,trans_RA_to_LA,33,True,S4,transition
sequences\NSL_Consonant_Multi\S4_NSL_Consonant_Prepared\S4_NSL_Consonant_Camera\LA_2333_2369.npz,ल,LA,37,True,S4,sign
sequences\NSL_Consonant_Multi\S4_NSL_Consonant_Prepared\S4_NSL_Consonant_Camera\trans_LA_to_WA.npz,व,trans_LA_to_WA,32,True,S4,transition
sequences\NSL_Consonant_Multi\S4_NSL_Consonant_Prepared\S4_NSL_Consonant_Camera\WA_2402_2440.npz,व,WA,39,True,S4,sign
sequences\NSL_Consonant_Multi\S4_NSL_Consonant_Prepared\S4_NSL_Consonant_Camera\trans_WA_to_T_SHA.npz,श,trans_WA_to_T_SHA,19,True,S4,transition
sequences\NSL_Consonant_Multi\S4_NSL_Consonant_Prepared\S4_NSL_Consonant_Camera\T_SHA_2460_2519.npz,श,T_SHA,60,True,S4,sign
sequences\NSL_Consonant_Multi\S4_NSL_Consonant_Prepared\S4_NSL_Consonant_Camera\trans_T_SHA_to_M_SHA.npz,ष,trans_T_SHA_to_M_SHA,56,True,S4,transition
sequences\NSL_Consonant_Multi\S4_NSL_Consonant_Prepared\S4_NSL_Consonant_Camera\M_SHA_2576_2594.npz,ष,M_SHA,19,True,S4,sign
sequences\NSL_Consonant_Multi\S4_NSL_Consonant_Prepared\S4_NSL_Consonant_Camera\trans_M_SHA_to_D_SHA.npz,स,trans_M_SHA_to_D_SHA,32,True,S4,transition
sequences\NSL_Consonant_Multi\S4_NSL_Consonant_Prepared\S4_NSL_Consonant_Camera\D_SHA_2627_2679.npz,स,D_SHA,53,True,S4,sign
sequences\NSL_Consonant_Multi\S4_NSL_Consonant_Prepared\S4_NSL_Consonant_Camera\trans_D_SHA_to_HA.npz,ह,trans_D_SHA_to_HA,44,True,S4,transition
sequences\NSL_Consonant_Multi\S4_NSL_Consonant_Prepared\S4_NSL_Consonant_Camera\HA_2724_2761.npz,ह,HA,38,True,S4,sign
sequences\NSL_Consonant_Multi\S4_NSL_Consonant_Prepared\S4_NSL_Consonant_Camera\trans_HA_to_KSHA.npz,क्ष,trans_HA_to_KSHA,32,True,S4,transition
sequences\NSL_Consonant_Multi\S4_NSL_Consonant_Prepared\S4_NSL_Consonant_Camera\KSHA_2794_2847.npz,क्ष,KSHA,54,True,S4,sign
sequences\NSL_Consonant_Multi\S4_NSL_Consonant_Prepared\S4_NSL_Consonant_Camera\trans_KSHA_to_TRA.npz,त्र,trans_KSHA_to_TRA,20,True,S4,transition
sequences\NSL_Consonant_Multi\S4_NSL_Consonant_Prepared\S4_NSL_Consonant_Camera\TRA_2868_2910.npz,त्र,TRA,43,True,S4,sign
sequences\NSL_Consonant_Multi\S4_NSL_Consonant_Prepared\S4_NSL_Consonant_Camera\trans_TRA_to_GYA.npz,ज्ञ,trans_TRA_to_GYA,23,True,S4,transition
sequences\NSL_Consonant_Multi\S4_NSL_Consonant_Prepared\S4_NSL_Consonant_Camera\GYA_2934_2954.npz,ज्ञ,GYA,21,True,S4,sign
sequences\NSL_Consonant_Multi\S5_NSL_Consonant_Prepared\S5_NSL_Consonant_Camera\KA_158_199.npz,क,KA,42,True,S5,sign
sequences\NSL_Consonant_Multi\S5_NSL_Consonant_Prepared\S5_NSL_Consonant_Camera\trans_KA_to_KHA.npz,ख,trans_KA_to_KHA,21,True,S5,transition
sequences\NSL_Consonant_Multi\S5_NSL_Consonant_Prepared\S5_NSL_Consonant_Camera\KHA_221_281.npz,ख,KHA,61,True,S5,sign
sequences\NSL_Consonant_Multi\S5_NSL_Consonant_Prepared\S5_NSL_Consonant_Camera\trans_KHA_to_GA.npz,ग,trans_KHA_to_GA,50,True,S5,transition
sequences\NSL_Consonant_Multi\S5_NSL_Consonant_Prepared\S5_NSL_Consonant_Camera\GA_332_344.npz,ग,GA,13,True,S5,sign
sequences\NSL_Consonant_Multi\S5_NSL_Consonant_Prepared\S5_NSL_Consonant_Camera\trans_GA_to_GHA.npz,घ,trans_GA_to_GHA,27,True,S5,transition
sequences\NSL_Consonant_Multi\S5_NSL_Consonant_Prepared\S5_NSL_Consonant_Camera\GHA_372_425.npz,घ,GHA,54,True,S5,sign
sequences\NSL_Consonant_Multi\S5_NSL_Consonant_Prepared\S5_NSL_Consonant_Camera\trans_GHA_to_NGA.npz,ङ,trans_GHA_to_NGA,25,True,S5,transition
sequences\NSL_Consonant_Multi\S5_NSL_Consonant_Prepared\S5_NSL_Consonant_Camera\NGA_451_499.npz,ङ,NGA,49,True,S5,sign
sequences\NSL_Consonant_Multi\S5_NSL_Consonant_Prepared\S5_NSL_Consonant_Camera\trans_NGA_to_CHA.npz,च,trans_NGA_to_CHA,24,True,S5,transition
sequences\NSL_Consonant_Multi\S5_NSL_Consonant_Prepared\S5_NSL_Consonant_Camera\CHA_524_567.npz,च,CHA,44,True,S5,sign
sequences\NSL_Consonant_Multi\S5_NSL_Consonant_Prepared\S5_NSL_Consonant_Camera\trans_CHA_to_CHHA.npz,छ,trans_CHA_to_CHHA,30,True,S5,transition
sequences\NSL_Consonant_Multi\S5_NSL_Consonant_Prepared\S5_NSL_Consonant_Camera\CHHA_598_649.npz,छ,CHHA,52,True,S5,sign
sequences\NSL_Consonant_Multi\S5_NSL_Consonant_Prepared\S5_NSL_Consonant_Camera\trans_CHHA_to_JA.npz,ज,trans_CHHA_to_JA,38,True,S5,transition
sequences\NSL_Consonant_Multi\S5_NSL_Consonant_Prepared\S5_NSL_Consonant_Camera\JA_688_726.npz,ज,JA,39,True,S5,sign
sequences\NSL_Consonant_Multi\S5_NSL_Consonant_Prepared\S5_NSL_Consonant_Camera\trans_JA_to_JHA.npz,झ,trans_JA_to_JHA,29,True,S5,transition
sequences\NSL_Consonant_Multi\S5_NSL_Consonant_Prepared\S5_NSL_Consonant_Camera\JHA_756_806.npz,झ,JHA,51,True,S5,sign
sequences\NSL_Consonant_Multi\S5_NSL_Consonant_Prepared\S5_NSL_Consonant_Camera\trans_JHA_to_YAN.npz,ञ,trans_JHA_to_YAN,29,True,S5,transition
sequences\NSL_Consonant_Multi\S5_NSL_Consonant_Prepared\S5_NSL_Consonant_Camera\YAN_836_893.npz,ञ,YAN,58,True,S5,sign
sequences\NSL_Consonant_Multi\S5_NSL_Consonant_Prepared\S5_NSL_Consonant_Camera\trans_YAN_to_TA.npz,ट,trans_YAN_to_TA,28,True,S5,transition
sequences\NSL_Consonant_Multi\S5_NSL_Consonant_Prepared\S5_NSL_Consonant_Camera\TA_922_977.npz,ट,TA,56,True,S5,sign
sequences\NSL_Consonant_Multi\S5_NSL_Consonant_Prepared\S5_NSL_Consonant_Camera\trans_TA_to_THA.npz,ठ,trans_TA_to_THA,15,True,S5,transition
sequences\NSL_Consonant_Multi\S5_NSL_Consonant_Prepared\S5_NSL_Consonant_Camera\THA_993_1037.npz,ठ,THA,45,True,S5,sign
sequences\NSL_Consonant_Multi\S5_NSL_Consonant_Prepared\S5_NSL_Consonant_Camera\trans_THA_to_DA.npz,ड,trans_THA_to_DA,23,True,S5,transition
sequences\NSL_Consonant_Multi\S5_NSL_Consonant_Prepared\S5_NSL_Consonant_Camera\DA_1061_1118.npz,ड,DA,58,True,S5,sign
sequences\NSL_Consonant_Multi\S5_NSL_Consonant_Prepared\S5_NSL_Consonant_Camera\trans_DA_to_DHA.npz,ढ,trans_DA_to_DHA,32,True,S5,transition
sequences\NSL_Consonant_Multi\S5_NSL_Consonant_Prepared\S5_NSL_Consonant_Camera\DHA_1151_1203.npz,ढ,DHA,53,True,S5,sign
sequences\NSL_Consonant_Multi\S5_NSL_Consonant_Prepared\S5_NSL_Consonant_Camera\trans_DHA_to_NA.npz,ण,trans_DHA_to_NA,29,True,S5,transition
sequences\NSL_Consonant_Multi\S5_NSL_Consonant_Prepared\S5_NSL_Consonant_Camera\NA_1233_1291.npz,ण,NA,59,True,S5,sign
sequences\NSL_Consonant_Multi\S5_NSL_Consonant_Prepared\S5_NSL_Consonant_Camera\trans_NA_to_TAA.npz,त,trans_NA_to_TAA,23,True,S5,transition
sequences\NSL_Consonant_Multi\S5_NSL_Consonant_Prepared\S5_NSL_Consonant_Camera\TAA_1315_1364.npz,त,TAA,50,True,S5,sign
sequences\NSL_Consonant_Multi\S5_NSL_Consonant_Prepared\S5_NSL_Consonant_Camera\trans_TAA_to_THAA.npz,थ,trans_TAA_to_THAA,35,True,S5,transition
sequences\NSL_Consonant_Multi\S5_NSL_Consonant_Prepared\S5_NSL_Consonant_Camera\THAA_1400_1433.npz,थ,THAA,34,True,S5,sign
sequences\NSL_Consonant_Multi\S5_NSL_Consonant_Prepared\S5_NSL_Consonant_Camera\trans_THAA_to_DAA.npz,द,trans_THAA_to_DAA,21,True,S5,transition
sequences\NSL_Consonant_Multi\S5_NSL_Consonant_Prepared\S5_NSL_Consonant_Camera\DAA_1455_1506.npz,द,DAA,52,True,S5,sign
sequences\NSL_Consonant_Multi\S5_NSL_Consonant_Prepared\S5_NSL_Consonant_Camera\trans_DAA_to_DHAA.npz,ध,trans_DAA_to_DHAA,30,True,S5,transition
sequences\NSL_Consonant_Multi\S5_NSL_Consonant_Prepared\S5_NSL_Consonant_Camera\DHAA_1537_1593.npz,ध,DHAA,57,True,S5,sign
sequences\NSL_Consonant_Multi\S5_NSL_Consonant_Prepared\S5_NSL_Consonant_Camera\trans_DHAA_to_NAA.npz,न,trans_DHAA_to_NAA,34,True,S5,transition
sequences\NSL_Consonant_Multi\S5_NSL_Consonant_Prepared\S5_NSL_Consonant_Camera\NAA_1628_1674.npz,न,NAA,47,True,S5,sign
sequences\NSL_Consonant_Multi\S5_NSL_Consonant_Prepared\S5_NSL_Consonant_Camera\trans_NAA_to_PA.npz,प,trans_NAA_to_PA,25,True,S5,transition
sequences\NSL_Consonant_Multi\S5_NSL_Consonant_Prepared\S5_NSL_Consonant_Camera\PA_1700_1737.npz,प,PA,38,True,S5,sign
sequences\NSL_Consonant_Multi\S5_NSL_Consonant_Prepared\S5_NSL_Consonant_Camera\trans_PA_to_PHA.npz,फ,trans_PA_to_PHA,40,True,S5,transition
sequences\NSL_Consonant_Multi\S5_NSL_Consonant_Prepared\S5_NSL_Consonant_Camera\PHA_1778_1825.npz,फ,PHA,48,True,S5,sign
sequences\NSL_Consonant_Multi\S5_NSL_Consonant_Prepared\S5_NSL_Consonant_Camera\trans_PHA_to_BA.npz,ब,trans_PHA_to_BA,46,True,S5,transition
sequences\NSL_Consonant_Multi\S5_NSL_Consonant_Prepared\S5_NSL_Consonant_Camera\BA_1872_1903.npz,ब,BA,32,True,S5,sign
sequences\NSL_Consonant_Multi\S5_NSL_Consonant_Prepared\S5_NSL_Consonant_Camera\trans_BA_to_BHA.npz,भ,trans_BA_to_BHA,39,True,S5,transition
sequences\NSL_Consonant_Multi\S5_NSL_Consonant_Prepared\S5_NSL_Consonant_Camera\BHA_1943_1966.npz,भ,BHA,24,True,S5,sign
sequences\NSL_Consonant_Multi\S5_NSL_Consonant_Prepared\S5_NSL_Consonant_Camera\trans_BHA_to_MA.npz,म,trans_BHA_to_MA,31,True,S5,transition
sequences\NSL_Consonant_Multi\S5_NSL_Consonant_Prepared\S5_NSL_Consonant_Camera\MA_1998_2037.npz,म,MA,40,True,S5,sign
sequences\NSL_Consonant_Multi\S5_NSL_Consonant_Prepared\S5_NSL_Consonant_Camera\trans_MA_to_YA.npz,य,trans_MA_to_YA,40,True,S5,transition
sequences\NSL_Consonant_Multi\S5_NSL_Consonant_Prepared\S5_NSL_Consonant_Camera\YA_2078_2100.npz,य,YA,23,True,S5,sign
sequences\NSL_Consonant_Multi\S5_NSL_Consonant_Prepared\S5_NSL_Consonant_Camera\trans_YA_to_RA.npz,र,trans_YA_to_RA,35,True,S5,transition
sequences\NSL_Consonant_Multi\S5_NSL_Consonant_Prepared\S5_NSL_Consonant_Camera\RA_2136_2178.npz,र,RA,43,True,S5,sign
sequences\NSL_Consonant_Multi\S5_NSL_Consonant_Prepared\S5_NSL_Consonant_Camera\trans_RA_to_LA.npz,ल,trans_RA_to_LA,26,True,S5,transition
sequences\NSL_Consonant_Multi\S5_NSL_Consonant_Prepared\S5_NSL_Consonant_Camera\LA_2205_2256.npz,ल,LA,52,True,S5,sign
sequences\NSL_Consonant_Multi\S5_NSL_Consonant_Prepared\S5_NSL_Consonant_Camera\trans_LA_to_WA.npz,व,trans_LA_to_WA,34,True,S5,transition
sequences\NSL_Consonant_Multi\S5_NSL_Consonant_Prepared\S5_NSL_Consonant_Camera\WA_2291_2360.npz,व,WA,70,True,S5,sign
sequences\NSL_Consonant_Multi\S5_NSL_Consonant_Prepared\S5_NSL_Consonant_Camera\trans_WA_to_T_SHA.npz,श,trans_WA_to_T_SHA,41,True,S5,transition
sequences\NSL_Consonant_Multi\S5_NSL_Consonant_Prepared\S5_NSL_Consonant_Camera\T_SHA_2402_2440.npz,श,T_SHA,39,True,S5,sign
sequences\NSL_Consonant_Multi\S5_NSL_Consonant_Prepared\S5_NSL_Consonant_Camera\trans_T_SHA_to_M_SHA.npz,ष,trans_T_SHA_to_M_SHA,40,True,S5,transition
sequences\NSL_Consonant_Multi\S5_NSL_Consonant_Prepared\S5_NSL_Consonant_Camera\M_SHA_2481_2517.npz,ष,M_SHA,37,True,S5,sign
sequences\NSL_Consonant_Multi\S5_NSL_Consonant_Prepared\S5_NSL_Consonant_Camera\trans_M_SHA_to_D_SHA.npz,स,trans_M_SHA_to_D_SHA,23,True,S5,transition
sequences\NSL_Consonant_Multi\S5_NSL_Consonant_Prepared\S5_NSL_Consonant_Camera\D_SHA_2541_2582.npz,स,D_SHA,42,True,S5,sign
sequences\NSL_Consonant_Multi\S5_NSL_Consonant_Prepared\S5_NSL_Consonant_Camera\trans_D_SHA_to_HA.npz,ह,trans_D_SHA_to_HA,33,True,S5,transition
sequences\NSL_Consonant_Multi\S5_NSL_Consonant_Prepared\S5_NSL_Consonant_Camera\HA_2616_2670.npz,ह,HA,55,True,S5,sign
sequences\NSL_Consonant_Multi\S5_NSL_Consonant_Prepared\S5_NSL_Consonant_Camera\trans_HA_to_KSHA.npz,क्ष,trans_HA_to_KSHA,29,True,S5,transition
sequences\NSL_Consonant_Multi\S5_NSL_Consonant_Prepared\S5_NSL_Consonant_Camera\KSHA_2700_2726.npz,क्ष,KSHA,27,True,S5,sign
sequences\NSL_Consonant_Multi\S5_NSL_Consonant_Prepared\S5_NSL_Consonant_Camera\trans_KSHA_to_TRA.npz,त्र,trans_KSHA_to_TRA,20,True,S5,transition
sequences\NSL_Consonant_Multi\S5_NSL_Consonant_Prepared\S5_NSL_Consonant_Camera\TRA_2747_2787.npz,त्र,TRA,41,True,S5,sign
sequences\NSL_Consonant_Multi\S5_NSL_Consonant_Prepared\S5_NSL_Consonant_Camera\trans_TRA_to_GYA.npz,ज्ञ,trans_TRA_to_GYA,21,True,S5,transition
sequences\NSL_Consonant_Multi\S5_NSL_Consonant_Prepared\S5_NSL_Consonant_Camera\GYA_2809_2845.npz,ज्ञ,GYA,37,True,S5,sign
sequences\NSL_Consonant_Multi\S6_NSL_Consonant_Prepared\S6_NSL_Consonant_Camera\KA_132_177.npz,क,KA,46,True,S6,sign
sequences\NSL_Consonant_Multi\S6_NSL_Consonant_Prepared\S6_NSL_Consonant_Camera\trans_KA_to_KHA.npz,ख,trans_KA_to_KHA,27,True,S6,transition
sequences\NSL_Consonant_Multi\S6_NSL_Consonant_Prepared\S6_NSL_Consonant_Camera\KHA_205_273.npz,ख,KHA,69,True,S6,sign
sequences\NSL_Consonant_Multi\S6_NSL_Consonant_Prepared\S6_NSL_Consonant_Camera\trans_KHA_to_GA.npz,ग,trans_KHA_to_GA,26,True,S6,transition
sequences\NSL_Consonant_Multi\S6_NSL_Consonant_Prepared\S6_NSL_Consonant_Camera\GA_300_342.npz,ग,GA,43,True,S6,sign
sequences\NSL_Consonant_Multi\S6_NSL_Consonant_Prepared\S6_NSL_Consonant_Camera\trans_GA_to_GHA.npz,घ,trans_GA_to_GHA,33,True,S6,transition
sequences\NSL_Consonant_Multi\S6_NSL_Consonant_Prepared\S6_NSL_Consonant_Camera\GHA_376_410.npz,घ,GHA,35,True,S6,sign
sequences\NSL_Consonant_Multi\S6_NSL_Consonant_Prepared\S6_NSL_Consonant_Camera\trans_GHA_to_NGA.npz,ङ,trans_GHA_to_NGA,46,True,S6,transition
sequences\NSL_Consonant_Multi\S6_NSL_Consonant_Prepared\S6_NSL_Consonant_Camera\NGA_457_491.npz,ङ,NGA,35,True,S6,sign
sequences\NSL_Consonant_Multi\S6_NSL_Consonant_Prepared\S6_NSL_Consonant_Camera\trans_NGA_to_CHA.npz,च,trans_NGA_to_CHA,38,True,S6,transition
sequences\NSL_Consonant_Multi\S6_NSL_Consonant_Prepared\S6_NSL_Consonant_Camera\CHA_530_553.npz,च,CHA,24,True,S6,sign
sequences\NSL_Consonant_Multi\S6_NSL_Consonant_Prepared\S6_NSL_Consonant_Camera\trans_CHA_to_CHHA.npz,छ,trans_CHA_to_CHHA,33,True,S6,transition
sequences\NSL_Consonant_Multi\S6_NSL_Consonant_Prepared\S6_NSL_Consonant_Camera\CHHA_587_642.npz,छ,CHHA,56,True,S6,sign
sequences\NSL_Consonant_Multi\S6_NSL_Consonant_Prepared\S6_NSL_Consonant_Camera\trans_CHHA_to_JA.npz,ज,trans_CHHA_to_JA,40,True,S6,transition
sequences\NSL_Consonant_Multi\S6_NSL_Consonant_Prepared\S6_NSL_Consonant_Camera\JA_683_701.npz,ज,JA,19,True,S6,sign
sequences\NSL_Consonant_Multi\S6_NSL_Consonant_Prepared\S6_NSL_Consonant_Camera\trans_JA_to_JHA.npz,झ,trans_JA_to_JHA,40,True,S6,transition
sequences\NSL_Consonant_Multi\S6_NSL_Consonant_Prepared\S6_NSL_Consonant_Camera\JHA_742_783.npz,झ,JHA,42,True,S6,sign
sequences\NSL_Consonant_Multi\S6_NSL_Consonant_Prepared\S6_NSL_Consonant_Camera\trans_JHA_to_YAN.npz,ञ,trans_JHA_to_YAN,36,True,S6,transition
sequences\NSL_Consonant_Multi\S6_NSL_Consonant_Prepared\S6_NSL_Consonant_Camera\YAN_820_852.npz,ञ,YAN,33,True,S6,sign
sequences\NSL_Consonant_Multi\S6_NSL_Consonant_Prepared\S6_NSL_Consonant_Camera\trans_YAN_to_TA.npz,ट,trans_YAN_to_TA,27,True,S6,transition
sequences\NSL_Consonant_Multi\S6_NSL_Consonant_Prepared\S6_NSL_Consonant_Camera\TA_880_934.npz,ट,TA,55,True,S6,sign
sequences\NSL_Consonant_Multi\S6_NSL_Consonant_Prepared\S6_NSL_Consonant_Camera\trans_TA_to_THA.npz,ठ,trans_TA_to_THA,32,True,S6,transition
sequences\NSL_Consonant_Multi\S6_NSL_Consonant_Prepared\S6_NSL_Consonant_Camera\THA_967_973.npz,ठ,THA,7,True,S6,sign
sequences\NSL_Consonant_Multi\S6_NSL_Consonant_Prepared\S6_NSL_Consonant_Camera\trans_THA_to_DA.npz,ड,trans_THA_to_DA,42,True,S6,transition
sequences\NSL_Consonant_Multi\S6_NSL_Consonant_Prepared\S6_NSL_Consonant_Camera\DA_1016_1043.npz,ड,DA,28,True,S6,sign
sequences\NSL_Consonant_Multi\S6_NSL_Consonant_Prepared\S6_NSL_Consonant_Camera\trans_DA_to_DHA.npz,ढ,trans_DA_to_DHA,31,True,S6,transition
sequences\NSL_Consonant_Multi\S6_NSL_Consonant_Prepared\S6_NSL_Consonant_Camera\DHA_1075_1101.npz,ढ,DHA,27,True,S6,sign
sequences\NSL_Consonant_Multi\S6_NSL_Consonant_Prepared\S6_NSL_Consonant_Camera\trans_DHA_to_NA.npz,ण,trans_DHA_to_NA,30,True,S6,transition
sequences\NSL_Consonant_Multi\S6_NSL_Consonant_Prepared\S6_NSL_Consonant_Camera\NA_1132_1189.npz,ण,NA,58,True,S6,sign
sequences\NSL_Consonant_Multi\S6_NSL_Consonant_Prepared\S6_NSL_Consonant_Camera\trans_NA_to_TAA.npz,त,trans_NA_to_TAA,21,True,S6,transition
sequences\NSL_Consonant_Multi\S6_NSL_Consonant_Prepared\S6_NSL_Consonant_Camera\TAA_1211_1249.npz,त,TAA,39,True,S6,sign
sequences\NSL_Consonant_Multi\S6_NSL_Consonant_Prepared\S6_NSL_Consonant_Camera\trans_TAA_to_THAA.npz,थ,trans_TAA_to_THAA,34,True,S6,transition
sequences\NSL_Consonant_Multi\S6_NSL_Consonant_Prepared\S6_NSL_Consonant_Camera\THAA_1284_1314.npz,थ,THAA,31,True,S6,sign
sequences\NSL_Consonant_Multi\S6_NSL_Consonant_Prepared\S6_NSL_Consonant_Camera\trans_THAA_to_DAA.npz,द,trans_THAA_to_DAA,22,True,S6,transition
sequences\NSL_Consonant_Multi\S6_NSL_Consonant_Prepared\S6_NSL_Consonant_Camera\DAA_1337_1370.npz,द,DAA,34,True,S6,sign
sequences\NSL_Consonant_Multi\S6_NSL_Consonant_Prepared\S6_NSL_Consonant_Camera\trans_DAA_to_DHAA.npz,ध,trans_DAA_to_DHAA,37,True,S6,transition
sequences\NSL_Consonant_Multi\S6_NSL_Consonant_Prepared\S6_NSL_Consonant_Camera\DHAA_1408_1443.npz,ध,DHAA,36,True,S6,sign
sequences\NSL_Consonant_Multi\S6_NSL_Consonant_Prepared\S6_NSL_Consonant_Camera\trans_DHAA_to_NAA.npz,न,trans_DHAA_to_NAA,27,True,S6,transition
sequences\NSL_Consonant_Multi\S6_NSL_Consonant_Prepared\S6_NSL_Consonant_Camera\NAA_1471_1503.npz,न,NAA,33,True,S6,sign
sequences\NSL_Consonant_Multi\S6_NSL_Consonant_Prepared\S6_NSL_Consonant_Camera\trans_NAA_to_PA.npz,प,trans_NAA_to_PA,24,True,S6,transition
sequences\NSL_Consonant_Multi\S6_NSL_Consonant_Prepared\S6_NSL_Consonant_Camera\PA_1528_1573.npz,प,PA,46,True,S6,sign
sequences\NSL_Consonant_Multi\S6_NSL_Consonant_Prepared\S6_NSL_Consonant_Camera\trans_PA_to_PHA.npz,फ,trans_PA_to_PHA,46,True,S6,transition
sequences\NSL_Consonant_Multi\S6_NSL_Consonant_Prepared\S6_NSL_Consonant_Camera\PHA_1620_1649.npz,फ,PHA,30,True,S6,sign
sequences\NSL_Consonant_Multi\S6_NSL_Consonant_Prepared\S6_NSL_Consonant_Camera\trans_PHA_to_BA.npz,ब,trans_PHA_to_BA,30,True,S6,transition
sequences\NSL_Consonant_Multi\S6_NSL_Consonant_Prepared\S6_NSL_Consonant_Camera\BA_1680_1715.npz,ब,BA,36,True,S6,sign
sequences\NSL_Consonant_Multi\S6_NSL_Consonant_Prepared\S6_NSL_Consonant_Camera\trans_BA_to_BHA.npz,भ,trans_BA_to_BHA,20,True,S6,transition
sequences\NSL_Consonant_Multi\S6_NSL_Consonant_Prepared\S6_NSL_Consonant_Camera\BHA_1736_1756.npz,भ,BHA,21,True,S6,sign
sequences\NSL_Consonant_Multi\S6_NSL_Consonant_Prepared\S6_NSL_Consonant_Camera\trans_BHA_to_MA.npz,म,trans_BHA_to_MA,32,True,S6,transition
sequences\NSL_Consonant_Multi\S6_NSL_Consonant_Prepared\S6_NSL_Consonant_Camera\MA_1789_1806.npz,म,MA,18,True,S6,sign
sequences\NSL_Consonant_Multi\S6_NSL_Consonant_Prepared\S6_NSL_Consonant_Camera\trans_MA_to_YA.npz,य,trans_MA_to_YA,26,True,S6,transition
sequences\NSL_Consonant_Multi\S6_NSL_Consonant_Prepared\S6_NSL_Consonant_Camera\YA_1833_1923.npz,य,YA,91,True,S6,sign
sequences\NSL_Consonant_Multi\S6_NSL_Consonant_Prepared\S6_NSL_Consonant_Camera\trans_YA_to_RA.npz,र,trans_YA_to_RA,43,True,S6,transition
sequences\NSL_Consonant_Multi\S6_NSL_Consonant_Prepared\S6_NSL_Consonant_Camera\RA_1967_1998.npz,र,RA,32,True,S6,sign
sequences\NSL_Consonant_Multi\S6_NSL_Consonant_Prepared\S6_NSL_Consonant_Camera\trans_RA_to_LA.npz,ल,trans_RA_to_LA,57,True,S6,transition
sequences\NSL_Consonant_Multi\S6_NSL_Consonant_Prepared\S6_NSL_Consonant_Camera\LA_2056_2075.npz,ल,LA,20,True,S6,sign
sequences\NSL_Consonant_Multi\S6_NSL_Consonant_Prepared\S6_NSL_Consonant_Camera\trans_LA_to_WA.npz,व,trans_LA_to_WA,46,True,S6,transition
sequences\NSL_Consonant_Multi\S6_NSL_Consonant_Prepared\S6_NSL_Consonant_Camera\WA_2122_2171.npz,व,WA,50,True,S6,sign
sequences\NSL_Consonant_Multi\S6_NSL_Consonant_Prepared\S6_NSL_Consonant_Camera\trans_WA_to_T_SHA.npz,श,trans_WA_to_T_SHA,34,True,S6,transition
sequences\NSL_Consonant_Multi\S6_NSL_Consonant_Prepared\S6_NSL_Consonant_Camera\T_SHA_2206_2257.npz,श,T_SHA,52,True,S6,sign
sequences\NSL_Consonant_Multi\S6_NSL_Consonant_Prepared\S6_NSL_Consonant_Camera\trans_T_SHA_to_M_SHA.npz,ष,trans_T_SHA_to_M_SHA,50,True,S6,transition
sequences\NSL_Consonant_Multi\S6_NSL_Consonant_Prepared\S6_NSL_Consonant_Camera\M_SHA_2308_2337.npz,ष,M_SHA,30,True,S6,sign
sequences\NSL_Consonant_Multi\S6_NSL_Consonant_Prepared\S6_NSL_Consonant_Camera\trans_M_SHA_to_D_SHA.npz,स,trans_M_SHA_to_D_SHA,24,True,S6,transition
sequences\NSL_Consonant_Multi\S6_NSL_Consonant_Prepared\S6_NSL_Consonant_Camera\D_SHA_2362_2396.npz,स,D_SHA,35,True,S6,sign
sequences\NSL_Consonant_Multi\S6_NSL_Consonant_Prepared\S6_NSL_Consonant_Camera\trans_D_SHA_to_HA.npz,ह,trans_D_SHA_to_HA,39,True,S6,transition
sequences\NSL_Consonant_Multi\S6_NSL_Consonant_Prepared\S6_NSL_Consonant_Camera\HA_2436_2478.npz,ह,HA,43,True,S6,sign
sequences\NSL_Consonant_Multi\S6_NSL_Consonant_Prepared\S6_NSL_Consonant_Camera\trans_HA_to_KSHA.npz,क्ष,trans_HA_to_KSHA,26,True,S6,transition
sequences\NSL_Consonant_Multi\S6_NSL_Consonant_Prepared\S6_NSL_Consonant_Camera\KSHA_2505_2631.npz,क्ष,KSHA,127,True,S6,sign
sequences\NSL_Consonant_Multi\S6_NSL_Consonant_Prepared\S6_NSL_Consonant_Camera\trans_KSHA_to_TRA.npz,त्र,trans_KSHA_to_TRA,19,True,S6,transition
sequences\NSL_Consonant_Multi\S6_NSL_Consonant_Prepared\S6_NSL_Consonant_Camera\TRA_2651_2703.npz,त्र,TRA,53,True,S6,sign
sequences\NSL_Consonant_Multi\S6_NSL_Consonant_Prepared\S6_NSL_Consonant_Camera\trans_TRA_to_GYA.npz,ज्ञ,trans_TRA_to_GYA,25,True,S6,transition
sequences\NSL_Consonant_Multi\S6_NSL_Consonant_Prepared\S6_NSL_Consonant_Camera\GYA_2729_2773.npz,ज्ञ,GYA,45,True,S6,sign
sequences\NSL_Consonant_Multi\S6_NSL_Consonant_RealWorld\S6_NSL_Consonant_Unprepared\KA_0_14.npz,क,KA,15,False,S6,sign
sequences\NSL_Consonant_Multi\S6_NSL_Consonant_RealWorld\S6_NSL_Consonant_Unprepared\trans_KA_to_KHA.npz,ख,trans_KA_to_KHA,16,False,S6,transition
sequences\NSL_Consonant_Multi\S6_NSL_Consonant_RealWorld\S6_NSL_Consonant_Unprepared\KHA_31_104.npz,ख,KHA,74,False,S6,sign
sequences\NSL_Consonant_Multi\S6_NSL_Consonant_RealWorld\S6_NSL_Consonant_Unprepared\trans_KHA_to_GA.npz,ग,trans_KHA_to_GA,26,False,S6,transition
sequences\NSL_Consonant_Multi\S6_NSL_Consonant_RealWorld\S6_NSL_Consonant_Unprepared\GA_131_181.npz,ग,GA,51,False,S6,sign
sequences\NSL_Consonant_Multi\S6_NSL_Consonant_RealWorld\S6_NSL_Consonant_Unprepared\trans_GA_to_GHA.npz,घ,trans_GA_to_GHA,29,False,S6,transition
sequences\NSL_Consonant_Multi\S6_NSL_Consonant_RealWorld\S6_NSL_Consonant_Unprepared\GHA_211_258.npz,घ,GHA,48,False,S6,sign
sequences\NSL_Consonant_Multi\S6_NSL_Consonant_RealWorld\S6_NSL_Consonant_Unprepared\trans_GHA_to_NGA.npz,ङ,trans_GHA_to_NGA,19,False,S6,transition
sequences\NSL_Consonant_Multi\S6_NSL_Consonant_RealWorld\S6_NSL_Consonant_Unprepared\NGA_278_343.npz,ङ,NGA,66,False,S6,sign
sequences\NSL_Consonant_Multi\S6_NSL_Consonant_RealWorld\S6_NSL_Consonant_Unprepared\trans_NGA_to_CHA.npz,च,trans_NGA_to_CHA,17,False,S6,transition
sequences\NSL_Consonant_Multi\S6_NSL_Consonant_RealWorld\S6_NSL_Consonant_Unprepared\CHA_361_424.npz,च,CHA,64,False,S6,sign
sequences\NSL_Consonant_Multi\S6_NSL_Consonant_RealWorld\S6_NSL_Consonant_Unprepared\trans_CHA_to_CHHA.npz,छ,trans_CHA_to_CHHA,28,False,S6,transition
sequences\NSL_Consonant_Multi\S6_NSL_Consonant_RealWorld\S6_NSL_Consonant_Unprepared\CHHA_453_514.npz,छ,CHHA,62,False,S6,sign
sequences\NSL_Consonant_Multi\S6_NSL_Consonant_RealWorld\S6_NSL_Consonant_Unprepared\trans_CHHA_to_JA.npz,ज,trans_CHHA_to_JA,37,False,S6,transition
sequences\NSL_Consonant_Multi\S6_NSL_Consonant_RealWorld\S6_NSL_Consonant_Unprepared\JA_552_591.npz,ज,JA,40,False,S6,sign
sequences\NSL_Consonant_Multi\S6_NSL_Consonant_RealWorld\S6_NSL_Consonant_Unprepared\trans_JA_to_JHA.npz,झ,trans_JA_to_JHA,40,False,S6,transition
sequences\NSL_Consonant_Multi\S6_NSL_Consonant_RealWorld\S6_NSL_Consonant_Unprepared\JHA_632_667.npz,झ,JHA,36,False,S6,sign
sequences\NSL_Consonant_Multi\S6_NSL_Consonant_RealWorld\S6_NSL_Consonant_Unprepared\trans_JHA_to_YAN.npz,ञ,trans_JHA_to_YAN,26,False,S6,transition
sequences\NSL_Consonant_Multi\S6_NSL_Consonant_RealWorld\S6_NSL_Consonant_Unprepared\YAN_694_737.npz,ञ,YAN,44,False,S6,sign
sequences\NSL_Consonant_Multi\S6_NSL_Consonant_RealWorld\S6_NSL_Consonant_Unprepared\trans_YAN_to_TA.npz,ट,trans_YAN_to_TA,19,False,S6,transition
sequences\NSL_Consonant_Multi\S6_NSL_Consonant_RealWorld\S6_NSL_Consonant_Unprepared\TA_757_799.npz,ट,TA,43,False,S6,sign
sequences\NSL_Consonant_Multi\S6_NSL_Consonant_RealWorld\S6_NSL_Consonant_Unprepared\trans_TA_to_THA.npz,ठ,trans_TA_to_THA,28,False,S6,transition
sequences\NSL_Consonant_Multi\S6_NSL_Consonant_RealWorld\S6_NSL_Consonant_Unprepared\THA_828_864.npz,ठ,THA,37,False,S6,sign
sequences\NSL_Consonant_Multi\S6_NSL_Consonant_RealWorld\S6_NSL_Consonant_Unprepared\trans_THA_to_DA.npz,ड,trans_THA_to_DA,20,False,S6,transition
sequences\NSL_Consonant_Multi\S6_NSL_Consonant_RealWorld\S6_NSL_Consonant_Unprepared\DA_885_928.npz,ड,DA,44,False,S6,sign
sequences\NSL_Consonant_Multi\S6_NSL_Consonant_RealWorld\S6_NSL_Consonant_Unprepared\trans_DA_to_DHA.npz,ढ,trans_DA_to_DHA,31,False,S6,transition
sequences\NSL_Consonant_Multi\S6_NSL_Consonant_RealWorld\S6_NSL_Consonant_Unprepared\DHA_960_997.npz,ढ,DHA,38,False,S6,sign
sequences\NSL_Consonant_Multi\S6_NSL_Consonant_RealWorld\S6_NSL_Consonant_Unprepared\trans_DHA_to_NA.npz,ण,trans_DHA_to_NA,28,False,S6,transition
sequences\NSL_Consonant_Multi\S6_NSL_Consonant_RealWorld\S6_NSL_Consonant_Unprepared\NA_1026_1057.npz,ण,NA,32,False,S6,sign
sequences\NSL_Consonant_Multi\S6_NSL_Consonant_RealWorld\S6_NSL_Consonant_Unprepared\trans_NA_to_TAA.npz,त,trans_NA_to_TAA,27,False,S6,transition
sequences\NSL_Consonant_Multi\S6_NSL_Consonant_RealWorld\S6_NSL_Consonant_Unprepared\TAA_1085_1123.npz,त,TAA,39,False,S6,sign
sequences\NSL_Consonant_Multi\S6_NSL_Consonant_RealWorld\S6_NSL_Consonant_Unprepared\trans_TAA_to_THAA.npz,थ,trans_TAA_to_THAA,30,False,S6,transition
sequences\NSL_Consonant_Multi\S6_NSL_Consonant_RealWorld\S6_NSL_Consonant_Unprepared\THAA_1154_1188.npz,थ,THAA,35,False,S6,sign
sequences\NSL_Consonant_Multi\S6_NSL_Consonant_RealWorld\S6_NSL_Consonant_Unprepared\trans_THAA_to_DAA.npz,द,trans_THAA_to_DAA,21,False,S6,transition
sequences\NSL_Consonant_Multi\S6_NSL_Consonant_RealWorld\S6_NSL_Consonant_Unprepared\DAA_1210_1229.npz,द,DAA,20,False,S6,sign
sequences\NSL_Consonant_Multi\S6_NSL_Consonant_RealWorld\S6_NSL_Consonant_Unprepared\trans_DAA_to_DHAA.npz,ध,trans_DAA_to_DHAA,55,False,S6,transition
sequences\NSL_Consonant_Multi\S6_NSL_Consonant_RealWorld\S6_NSL_Consonant_Unprepared\DHAA_1285_1326.npz,ध,DHAA,42,False,S6,sign
sequences\NSL_Consonant_Multi\S6_NSL_Consonant_RealWorld\S6_NSL_Consonant_Unprepared\trans_DHAA_to_NAA.npz,न,trans_DHAA_to_NAA,22,False,S6,transition
sequences\NSL_Consonant_Multi\S6_NSL_Consonant_RealWorld\S6_NSL_Consonant_Unprepared\NAA_1349_1422.npz,न,NAA,74,False,S6,sign
sequences\NSL_Consonant_Multi\S6_NSL_Consonant_RealWorld\S6_NSL_Consonant_Unprepared\trans_NAA_to_PA.npz,प,trans_NAA_to_PA,36,False,S6,transition
sequences\NSL_Consonant_Multi\S6_NSL_Consonant_RealWorld\S6_NSL_Consonant_Unprepared\PA_1459_1505.npz,प,PA,47,False,S6,sign
sequences\NSL_Consonant_Multi\S6_NSL_Consonant_RealWorld\S6_NSL_Consonant_Unprepared\trans_PA_to_PHA.npz,फ,trans_PA_to_PHA,23,False,S6,transition
sequences\NSL_Consonant_Multi\S6_NSL_Consonant_RealWorld\S6_NSL_Consonant_Unprepared\PHA_1529_1572.npz,फ,PHA,44,False,S6,sign
sequences\NSL_Consonant_Multi\S6_NSL_Consonant_RealWorld\S6_NSL_Consonant_Unprepared\trans_PHA_to_BA.npz,ब,trans_PHA_to_BA,37,False,S6,transition
sequences\NSL_Consonant_Multi\S6_NSL_Consonant_RealWorld\S6_NSL_Consonant_Unprepared\BA_1610_1656.npz,ब,BA,47,False,S6,sign
sequences\NSL_Consonant_Multi\S6_NSL_Consonant_RealWorld\S6_NSL_Consonant_Unprepared\trans_BA_to_BHA.npz,भ,trans_BA_to_BHA,20,False,S6,transition
sequences\NSL_Consonant_Multi\S6_NSL_Consonant_RealWorld\S6_NSL_Consonant_Unprepared\BHA_1677_1714.npz,भ,BHA,38,False,S6,sign
sequences\NSL_Consonant_Multi\S6_NSL_Consonant_RealWorld\S6_NSL_Consonant_Unprepared\trans_BHA_to_MA.npz,म,trans_BHA_to_MA,20,False,S6,transition
sequences\NSL_Consonant_Multi\S6_NSL_Consonant_RealWorld\S6_NSL_Consonant_Unprepared\MA_1735_1738.npz,म,MA,4,False,S6,sign
sequences\NSL_Consonant_Multi\S6_NSL_Consonant_RealWorld\S6_NSL_Consonant_Unprepared\trans_MA_to_YA.npz,य,trans_MA_to_YA,76,False,S6,transition
sequences\NSL_Consonant_Multi\S6_NSL_Consonant_RealWorld\S6_NSL_Consonant_Unprepared\YA_1815_1849.npz,य,YA,35,False,S6,sign
sequences\NSL_Consonant_Multi\S6_NSL_Consonant_RealWorld\S6_NSL_Consonant_Unprepared\trans_YA_to_RA.npz,र,trans_YA_to_RA,21,False,S6,transition
sequences\NSL_Consonant_Multi\S6_NSL_Consonant_RealWorld\S6_NSL_Consonant_Unprepared\RA_1871_1909.npz,र,RA,39,False,S6,sign
sequences\NSL_Consonant_Multi\S6_NSL_Consonant_RealWorld\S6_NSL_Consonant_Unprepared\trans_RA_to_LA.npz,ल,trans_RA_to_LA,27,False,S6,transition
sequences\NSL_Consonant_Multi\S6_NSL_Consonant_RealWorld\S6_NSL_Consonant_Unprepared\LA_1937_1971.npz,ल,LA,35,False,S6,sign
sequences\NSL_Consonant_Multi\S6_NSL_Consonant_RealWorld\S6_NSL_Consonant_Unprepared\trans_LA_to_WA.npz,व,trans_LA_to_WA,24,False,S6,transition
sequences\NSL_Consonant_Multi\S6_NSL_Consonant_RealWorld\S6_NSL_Consonant_Unprepared\WA_1996_2038.npz,व,WA,43,False,S6,sign
sequences\NSL_Consonant_Multi\S6_NSL_Consonant_RealWorld\S6_NSL_Consonant_Unprepared\trans_WA_to_T_SHA.npz,श,trans_WA_to_T_SHA,52,False,S6,transition
sequences\NSL_Consonant_Multi\S6_NSL_Consonant_RealWorld\S6_NSL_Consonant_Unprepared\T_SHA_2091_2118.npz,श,T_SHA,28,False,S6,sign
sequences\NSL_Consonant_Multi\S6_NSL_Consonant_RealWorld\S6_NSL_Consonant_Unprepared\trans_T_SHA_to_M_SHA.npz,ष,trans_T_SHA_to_M_SHA,20,False,S6,transition
sequences\NSL_Consonant_Multi\S6_NSL_Consonant_RealWorld\S6_NSL_Consonant_Unprepared\M_SHA_2139_2172.npz,ष,M_SHA,34,False,S6,sign
sequences\NSL_Consonant_Multi\S6_NSL_Consonant_RealWorld\S6_NSL_Consonant_Unprepared\trans_M_SHA_to_D_SHA.npz,स,trans_M_SHA_to_D_SHA,14,False,S6,transition
sequences\NSL_Consonant_Multi\S6_NSL_Consonant_RealWorld\S6_NSL_Consonant_Unprepared\D_SHA_2187_2231.npz,स,D_SHA,45,False,S6,sign
sequences\NSL_Consonant_Multi\S6_NSL_Consonant_RealWorld\S6_NSL_Consonant_Unprepared\trans_D_SHA_to_HA.npz,ह,trans_D_SHA_to_HA,27,False,S6,transition
sequences\NSL_Consonant_Multi\S6_NSL_Consonant_RealWorld\S6_NSL_Consonant_Unprepared\HA_2259_2283.npz,ह,HA,25,False,S6,sign
sequences\NSL_Consonant_Multi\S6_NSL_Consonant_RealWorld\S6_NSL_Consonant_Unprepared\trans_HA_to_TRA.npz,त्र,trans_HA_to_TRA,25,False,S6,transition
sequences\NSL_Consonant_Multi\S6_NSL_Consonant_RealWorld\S6_NSL_Consonant_Unprepared\TRA_2309_2343.npz,त्र,TRA,35,False,S6,sign
sequences\NSL_Consonant_Multi\S6_NSL_Consonant_RealWorld\S6_NSL_Consonant_Unprepared\trans_TRA_to_GYA.npz,ज्ञ,trans_TRA_to_GYA,16,False,S6,transition
sequences\NSL_Consonant_Multi\S6_NSL_Consonant_RealWorld\S6_NSL_Consonant_Unprepared\KSHA_2313_2339.npz,क्ष,KSHA,27,False,S6,sign
sequences\NSL_Consonant_Multi\S6_NSL_Consonant_RealWorld\S6_NSL_Consonant_Unprepared\GYA_2360_2372.npz,ज्ञ,GYA,13,False,S6,sign
